Months_beginning_Jan_1871,Monthly_years,Monthly_nom_gov_bond_rate,Monthly_nom_margin_rate,Monthly_nom_stock_return,Monthly_CPI,Fed_funds_rate
1,1871.01,0.012088698,0.005253828,0.018393393,12.46406116,
2,1871.02,0.009599222,0.003378188,0.029259259,12.84464132,
3,1871.03,0.008996673,0.003434379,0.032899494,13.0349719,
4,1871.04,0.00571625,0.004741065,0.029887482,12.55922645,
5,1871.05,0.005902541,0.002911263,-0.003772291,12.27381157,
6,1871.06,-0.00299587,0.00246627,-0.01417704,12.08348099,
7,1871.07,0.010877465,0.002668809,0.01726568,12.08348099,
8,1871.08,0.008158265,0.002303914,0.014961726,11.8932314,
9,1871.09,-0.002286873,0.003626774,-0.047176309,12.17864628,
10,1871.1,0.005508143,0.009758794,0.015613653,12.36889587,
11,1871.11,0.005896815,0.00514363,0.026221264,12.36889587,
12,1871.12,-0.023298852,0.008164846,0.029887482,12.65439174,
13,1872.01,-0.001207653,0.004867551,0.008629973,12.65439174,
14,1872.02,0.008637427,0.004867551,0.037341189,12.65439174,
15,1872.03,0.012012336,0.005261694,0.032242063,12.84464132,
16,1872.04,0.00718265,0.005261694,0.004396718,13.13013719,
17,1872.05,0.00757847,0.004074124,-0.005201094,13.13013719,
18,1872.06,0.006608704,0.00327374,-0.001299545,13.0349719,
19,1872.07,0.000547153,0.002059836,-0.007135621,12.84464132,
20,1872.08,-0.002229932,0.00327374,-0.013116733,12.93980661,
21,1872.09,0.006084014,0.004074124,0.008922559,13.0349719,
22,1872.1,0.00096476,0.004867551,0.000893696,12.74947603,
23,1872.11,0.008203058,0.005261694,0.029237374,13.13013719,
24,1872.12,0.013290341,0.037196338,0.012820513,12.93980661,
25,1873.01,0.00368554,0.009863581,0.012760926,12.93980661,
26,1873.02,0.00634688,0.014601687,-0.002831715,13.22522149,
27,1873.03,0.010226,0.014601687,-0.008683953,13.22522149,
28,1873.04,0.004273743,0.014601687,0.007109788,13.22522149,
29,1873.05,0.001896738,0.004471699,-0.00870462,12.93980661,
30,1873.06,0.004521425,0.003674809,0.003263052,12.55922645,
31,1873.07,0.002113961,0.003072542,0.005323608,12.55922645,
32,1873.08,-0.000315733,0.004471699,-0.071093226,12.55922645,
33,1873.09,-0.015330348,0.122695627,-0.08129085,12.55922645,
34,1873.1,0.003850656,0.022757347,-0.02933572,12.27381157,
35,1873.11,0.018156084,0.009863581,0.100814769,11.8932314,
36,1873.12,0.008561346,0.004867551,0.060520362,12.17864628,
37,1874.01,0.007555219,0.003674809,0.035944206,12.36889587,
38,1874.02,0.00945441,0.00327374,-0.008854167,12.36889587,
39,1874.03,0.009500858,0.003674809,-0.02167019,12.36889587,
40,1874.04,0.001036101,0.004074124,-0.020108696,12.17864628,
41,1874.05,0.000587802,0.00246627,0.001674107,12.08348099,
42,1874.06,0.000117689,0.002059836,0.006165919,11.79806612,
43,1874.07,0.001899332,0.00246627,0.008408072,11.8932314,
44,1874.08,0.00440308,0.002059836,0.021812081,11.79806612,
45,1874.09,0.005303008,0.001855938,0.003854626,11.79806612,
46,1874.1,0.003280747,0.002059836,0.014900662,11.60773554,
47,1874.11,0.007543727,0.00226328,-0.000547046,11.51265124,
48,1874.12,0.010349568,0.004074124,0.006057269,11.51265124,
49,1875.01,0.005827067,0.002059836,0.003808737,11.51265124,
50,1875.02,0.003425753,0.002059836,0.019223694,11.51265124,
51,1875.03,0.008189872,0.002870899,0.018927015,11.51265124,
52,1875.04,0.004898132,0.00246627,-0.03297491,11.60773554,
53,1875.05,0.010147822,0.002059836,-0.014215138,11.32232066,
54,1875.06,1.21E-05,0.001855938,0.008276256,11.13207107,
55,1875.07,0.002536218,0.002668809,0.010487851,11.13207107,
56,1875.08,0.008477027,0.001651581,-0.003212396,11.22715537,
57,1875.09,0.00379245,0.002059836,-0.010154462,11.13207107,
58,1875.1,0.000200423,0.002870899,0.022189922,11.13207107,
59,1875.11,0.007860882,0.00327374,0.005768497,11.03690579,
60,1875.12,0.015705963,0.004074124,0.026315789,10.9417405,
61,1876.01,0.010396025,0.003674809,0.019058296,10.84657521,
62,1876.02,0.002280239,0.002870899,0.003318584,10.84657521,
63,1876.03,0.00129975,0.00327374,-0.032150776,10.84657521,
64,1876.04,0.005655639,0.002668809,-0.031105991,10.75149091,
65,1876.05,-0.002905162,0.002059836,-0.001196172,10.37091074,
66,1876.06,0.00413461,0.00246627,-0.006024096,10.08541488,
67,1876.07,0.001283359,0.001651581,-0.035365854,10.08541488,
68,1876.08,-0.000389296,0.001446765,-0.054707379,10.18058017,
69,1876.09,0.002319554,0.001651581,0.001355014,10.27574545,
70,1876.1,0.005080115,0.00246627,-0.01226158,10.46599504,
71,1876.11,-0.009831711,0.002870899,0.001388889,10.56116033,
72,1876.12,0.009037082,0.004867551,-0.001396648,10.75149091,
73,1877.01,0.00542018,0.00327374,-0.052328638,10.9417405,
74,1877.02,-0.003222074,0.002668809,-0.04386976,10.65632562,
75,1877.03,0.007311973,0.002059836,-0.065391693,10.18058017,
76,1877.04,0.009881671,0.00246627,0.007463152,10.46599504,
77,1877.05,0.004081321,0.001855938,-0.064223356,10.65632562,
78,1877.06,-0.005226869,0.001241488,0.051434676,10.08541488,
79,1877.07,0.003045093,0.001651581,0.077070175,10.18058017,
80,1877.08,0.000275941,0.00327374,0.068489071,9.8,
81,1877.09,0.002366079,0.004074124,0.027199074,9.704834711,
82,1877.1,0.006129598,0.005261694,-0.009861531,9.704834711,
83,1877.11,0.003303642,0.004471699,0.00202454,9.514585124,
84,1877.12,0.128647599,0.009488793,0.004871795,9.514585124,
85,1878.01,0.003239648,0.004074124,-0.016687179,9.229089256,
86,1878.02,0.001082039,0.003674809,0.023802411,9.134004959,
87,1878.03,0.00066807,0.004074124,0.032600309,8.94367438,
88,1878.04,0.004491547,0.004074124,0.007675175,8.848509091,
89,1878.05,0.004463974,0.00246627,0.025593812,8.563094215,
90,1878.06,0.000467553,0.001651581,0.025048876,8.372844628,
91,1878.07,0.004300042,0.001446765,-0.00420977,8.467928926,
92,1878.08,0.003078177,0.001446765,0.024717391,8.563094215,
93,1878.09,0.000863811,0.00246627,-0.007043087,8.563094215,
94,1878.1,0.004120309,0.004074124,0.00147749,8.467928926,
95,1878.11,0.00410437,0.002668809,-0.00142171,8.372844628,
96,1878.12,0.000864969,0.004074124,0.042028986,8.18251405,
97,1879.01,0.004534399,0.001855938,0.040542365,8.277679339,
98,1879.02,0.001875618,0.00226328,-0.012055256,8.372844628,
99,1879.03,0.00575624,0.009488793,0.037100457,8.277679339,
100,1879.04,0.01062283,0.00327374,0.049219717,8.18251405,
101,1879.05,-0.001086507,0.003674809,0.009058799,8.18251405,
102,1879.06,0.005627587,0.00246627,0.024200337,8.087381157,
103,1879.07,0.000878774,0.001855938,0.01137995,8.18251405,
104,1879.08,0.005235823,0.009112468,0.040812858,8.18251405,
105,1879.09,0.003439216,0.004867551,0.11285545,8.467928926,
106,1879.1,0.006156633,0.03663705,0.056921296,8.94367438,
107,1879.11,0.0039884,0.004471699,0.001323529,9.419419835,
108,1879.12,0.005298396,0.009112468,0.04200542,9.704834711,
109,1880.01,0.009521285,0.003674809,0.020955643,9.990330579,
110,1880.02,0.005841898,0.003674809,0.022596154,9.990330579,
111,1880.03,0.003454937,0.013169611,-0.019261006,10.08541488,
112,1880.04,0.005931564,0.003674809,-0.075611326,9.704834711,
113,1880.05,0.00638751,0.002870899,0.00812369,9.419419835,
114,1880.06,0.001634278,0.002059836,0.049930411,9.229089256,
115,1880.07,0.006496261,0.002059836,0.039836993,9.229089256,
116,1880.08,0.001463668,0.00226328,0.001926782,9.229089256,
117,1880.09,0.000245066,0.002059836,0.03289897,9.324254545,
118,1880.1,0.010102666,0.002668809,0.056441526,9.324254545,
119,1880.11,0.005982224,0.013529722,0.044786096,9.419419835,
120,1880.12,0.005400459,0.004074124,0.063641553,9.514585124,
121,1881.01,0.003574655,0.003474495,0.000336564,9.419419835,
122,1881.02,0.004208812,0.084431539,0.014991896,9.514585124,
123,1881.03,0.005621831,0.004074124,0.000467415,9.514585124,
124,1881.04,0.008619741,0.00327374,0.048767417,9.609669421,
125,1881.05,0.004789723,0.00246627,0.015961538,9.514585124,
126,1881.06,-0.000841842,0.00327374,-0.031281662,9.514585124,
127,1881.07,0.000832105,0.002668809,-0.019750656,9.609669421,
128,1881.08,0.005331688,0.029349924,0.012096774,9.8,
129,1881.09,0.00099363,0.004471699,-0.011933333,10.18058017,
130,1881.1,0.004858245,0.004074124,0.010704607,10.27574545,
131,1881.11,0.00617237,0.008545071,-0.024838449,10.18058017,
132,1881.12,0.002200093,0.012626791,-0.010537992,10.18058017,
133,1882.01,0.002808047,0.002870899,-0.017454955,10.18058017,
134,1882.02,0.004900989,0.020950723,0.002878526,10.27574545,
135,1882.03,0.005873822,0.003674809,0.00461361,10.27574545,
136,1882.04,0.005066693,0.002870899,-0.007497116,10.37091074,
137,1882.05,0.001157281,0.00246627,-0.000583771,10.46599504,
138,1882.06,0.000998318,0.004471699,0.061032864,10.56116033,
139,1882.07,0.003496806,0.002870899,0.034444444,10.46599504,
140,1882.08,0.003347305,0.003674809,0.014023732,10.56116033,
141,1882.09,0.000266688,0.009863581,-0.022970085,10.27574545,
142,1882.1,0.002921196,0.003674809,-0.038440417,10.18058017,
143,1882.11,0.005126079,0.013169611,0.009753299,10.08541488,
144,1882.12,0.000710094,0.004074124,-0.000570776,9.990330579,
145,1883.01,0.003067723,0.002870899,-0.017773953,9.990330579,
146,1883.02,0.003358333,0.002870899,0.017043721,10.08541488,
147,1883.03,0.002472468,0.00643403,0.025543478,9.990330579,
148,1883.04,0.002475394,0.003674809,-0.012446053,9.895165289,
149,1883.05,0.002771558,0.001855938,0.013347776,9.8,
150,1883.06,0.001297999,0.001651581,-0.010810424,9.514585124,
151,1883.07,0.003523118,0.001446765,-0.040636998,9.324254545,
152,1883.08,0.005555732,0.001855938,0.015946069,9.324254545,
153,1883.09,0.004338666,0.002059836,-0.022189572,9.229089256,
154,1883.1,0.004728492,0.00246627,0.019955081,9.229089256,
155,1883.11,0.007597909,0.001651581,-0.016953602,9.134004959,
156,1883.12,0.001986349,0.001651581,-0.024812734,9.229089256,
157,1884.01,0.002675622,0.001446765,0.032308559,9.229089256,
158,1884.02,0.003906884,0.001651581,0.001358083,9.229089256,
159,1884.03,0.001980788,0.001651581,-0.040172956,9.229089256,
160,1884.04,-0.004758207,0.002059836,-0.075703228,9.038839669,
161,1884.05,0.000270417,0.003674809,-0.035094982,8.848509091,
162,1884.06,0.002624806,0.007591534,0.005979073,8.848509091,
163,1884.07,0.003934438,0.001035746,0.068727578,8.753424793,
164,1884.08,0.003772649,0.001855938,-0.026077707,8.753424793,
165,1884.09,0.00332653,0.001651581,-0.026960784,8.658259504,
166,1884.1,0.005878462,0.001855938,-0.014390015,8.563094215,
167,1884.11,0.00467266,0.001241488,0.003672414,8.372844628,
168,1884.12,0.000161337,0.001035746,-0.017089094,8.277679339,
169,1885.01,0.003145427,0.001035746,0.036639151,8.277679339,
170,1885.02,0.002426515,0.001241488,0.007976735,8.372844628,
171,1885.03,0.002294891,0.000829538,0.003281963,8.18251405,
172,1885.04,0.003139661,0.001035746,-0.005974447,8.277679339,
173,1885.05,0.004684793,0.001035746,0.000787037,8.087381157,
174,1885.06,0.001997586,0.001035746,0.04253876,7.897091074,
175,1885.07,0.003401382,0.001241488,0.061083707,7.992232066,
176,1885.08,0.003251644,0.001241488,-0.008080326,7.992232066,
177,1885.09,0.003246396,0.001651581,0.062679211,7.897091074,
178,1885.1,0.003510886,0.00226328,0.069303862,7.897091074,
179,1885.11,0.003368278,0.00226328,-0.003724555,7.992232066,
180,1885.12,0.002257307,0.002870899,0.003846154,8.18251405,
181,1886.01,0.006746133,0.001241488,0.023049679,7.992232066,
182,1886.02,0.004630636,0.001651581,-0.017033019,7.992232066,
183,1886.03,0.001685433,0.00226328,-0.009714194,7.897091074,
184,1886.04,0.002227108,0.00226328,-0.015734049,7.801941983,
185,1886.05,0.001428957,0.003474495,0.049663015,7.611651901,
186,1886.06,0.004770649,0.001651581,0.018888889,7.51650281,
187,1886.07,0.002086588,0.001855938,0.011074109,7.611651901,
188,1886.08,0.005129993,0.004074124,0.029588765,7.706792893,
189,1886.09,0.004667917,0.004074124,0.028811252,7.706792893,
190,1886.1,0.002063051,0.003474495,0.028072271,7.706792893,
191,1886.11,0.003746443,0.00545813,-0.022715889,7.706792893,
192,1886.12,0.000118381,0.004471699,-0.007387707,7.801941983,
193,1887.01,0.004801547,0.003072542,-0.003845579,7.992232066,
194,1887.02,0.002957657,0.002870899,0.026850181,8.087381157,
195,1887.03,0.003208558,0.004273128,0.026271311,8.087381157,
196,1887.04,0.00282073,0.003874685,0.020545977,8.087381157,
197,1887.05,0.001673467,0.004471699,-0.025529661,8.087381157,
198,1887.06,0.001157561,0.003824757,-0.021015125,7.992232066,
199,1887.07,-0.000542885,0.003674809,-0.021504174,7.897091074,
200,1887.08,-0.000312986,0.004074124,-0.009174312,7.992232066,
201,1887.09,0.00305045,0.004471699,-0.029701053,7.897091074,
202,1887.1,0.005034262,0.003674809,0.023157051,7.992232066,
203,1887.11,0.000228093,0.004074124,-0.001768868,8.087381157,
204,1887.12,0.003705828,0.004471699,0.011543327,8.277679339,
205,1888.01,0.002766009,0.002059836,-0.001752982,8.372844628,
206,1888.02,0.001430366,0.001855938,-0.033985164,8.277679339,
207,1888.03,0.001965868,0.003072542,0.007956037,8.277679339,
208,1888.04,0.00664118,0.00226328,0.01770098,8.18251405,
209,1888.05,0.004438353,0.001241488,-0.027051902,8.087381157,
210,1888.06,0.001550024,0.001241488,0.02994012,7.992232066,
211,1888.07,0.004032954,0.001035746,0.025264267,8.087381157,
212,1888.08,0.005149531,0.001446765,0.028519048,8.087381157,
213,1888.09,0.000647265,0.00246627,-0.001936183,8.087381157,
214,1888.1,0.001420874,0.001651581,-0.016926791,8.18251405,
215,1888.11,0.003626218,0.00246627,-0.015399173,8.277679339,
216,1888.12,0.000508706,0.004074124,0.023184176,8.277679339,
217,1889.01,0.004551385,0.001651581,0.01509542,7.992232066,
218,1889.02,0.004628075,0.001446765,-0.017165094,7.897091074,
219,1889.03,0.002309299,0.00327374,0.001726076,7.801941983,
220,1889.04,0.002948008,0.001855938,0.030674067,7.801941983,
221,1889.05,0.002689796,0.00246627,0.020454261,7.611651901,
222,1889.06,0.000518912,0.003072542,-0.016866913,7.611651901,
223,1889.07,0.002064323,0.002059836,0.016732704,7.611651901,
224,1889.08,0.002586139,0.00327374,0.027673805,7.611651901,
225,1889.09,0.000639742,0.005654145,-0.014810606,7.706792893,
226,1889.1,0.002342758,0.006044919,-0.005837963,7.706792893,
227,1889.11,0.003132369,0.007207323,-0.002168224,7.706792893,
228,1889.12,-0.002309515,0.013169611,0.014724311,7.801941983,
229,1890.01,-0.001458527,0.003874685,-0.007744734,7.611651901,
230,1890.02,0.001857337,0.004867551,-0.004072682,7.611651901,
231,1890.03,0.001151515,0.003072542,0.024305556,7.611651901,
232,1890.04,0.002713772,0.004669839,0.046072975,7.611651901,
233,1890.05,0.002570842,0.005064835,-0.003855279,7.706792893,
234,1890.06,0.004684793,0.005261694,-0.003882915,7.706792893,
235,1890.07,0.007100883,0.003474495,-0.020156438,7.706792893,
236,1890.08,0.003598647,0.006821493,-0.013247073,7.992232066,
237,1890.09,-0.001307031,0.00327374,-0.041666667,8.087381157,
238,1890.1,-0.001091736,0.012808087,-0.069225722,8.087381157,
239,1890.11,0.004132571,0.004074124,-0.019462137,7.897091074,
240,1890.12,-0.000703249,0.003674809,0.05615942,7.897091074,
241,1891.01,0.001874504,0.002668809,0.016184573,7.801941983,
242,1891.02,0.003897735,0.00246627,-0.01462585,7.897091074,
243,1891.03,0.005014705,0.00246627,0.037075537,7.992232066,
244,1891.04,-0.003619606,0.00327374,-0.000335345,8.087381157,
245,1891.05,0.001595496,0.003474495,-0.016498316,7.992232066,
246,1891.06,-0.001729753,0.001651581,-0.012714777,7.801941983,
247,1891.07,0.003441711,0.001241488,0.037386443,7.706792893,
248,1891.08,0.003135068,0.002870899,0.084854632,7.706792893,
249,1891.09,0.000986936,0.010608597,0.00343965,7.611651901,
250,1891.1,0.00314983,0.00327374,-0.011569731,7.611651901,
251,1891.11,0.005128041,0.002870899,0.033968254,7.51650281,
252,1891.12,0.000986989,0.016708964,0.021873075,7.51650281,
253,1892.01,0.002983733,0.001651581,0.005167877,7.326212727,
254,1892.02,0.004051897,0.001651581,0.01424064,7.326212727,
255,1892.03,-0.000549155,0.001651581,0.0015681,7.135922645,
256,1892.04,0.004397328,0.001651581,0.003391682,7.040773554,
257,1892.05,0.005881588,0.001241488,-0.001970377,7.040773554,
258,1892.06,0.000228174,0.001035746,0.003459687,7.040773554,
259,1892.07,0.000523837,0.001241488,0.017925692,7.231071736,
260,1892.08,0.000982208,0.001446765,-0.021451661,7.326212727,
261,1892.09,0.001135713,0.002870899,0.023646594,7.326212727,
262,1892.1,0.003374565,0.004867551,-4.92E-05,7.326212727,
263,1892.11,-0.000311211,0.004074124,-0.007206762,7.51650281,
264,1892.12,0.003242747,0.00797414,0.021778584,7.611651901,
265,1893.01,0.001296806,0.00246627,-0.014248366,7.897091074,
266,1893.02,0.00128949,0.00327374,-0.032642166,7.992232066,
267,1893.03,0.003603176,0.005654145,0.003805712,7.801941983,
268,1893.04,0.0032732,0.004074124,-0.084693974,7.706792893,
269,1893.05,-0.001704477,0.002059836,-0.043316116,7.611651901,
270,1893.06,-0.000410372,0.011714917,-0.08884671,7.421361818,
271,1893.07,0.008103876,0.00797414,-0.019023126,7.231071736,
272,1893.08,0.002296699,0.004074124,0.076117239,6.945632562,
273,1893.09,0.001633698,0.00327374,0.034467963,7.231071736,
274,1893.1,0.006984608,0.001651581,0.020153704,7.326212727,
275,1893.11,0.009098293,0.001241488,-0.030466813,7.135922645,
276,1893.12,-0.001603753,0.0009327,-0.015684051,7.040773554,
277,1894.01,0.005034239,0.000829538,0.018647762,6.850483471,
278,1894.02,0.00274453,0.000829538,0.034309361,6.755342479,
279,1894.03,0.004201451,0.0009327,0.017738359,6.565052397,
280,1894.04,0.00225951,0.0009327,-0.032882932,6.565052397,
281,1894.05,0.004178879,0.0009327,-0.009217803,6.565052397,
282,1894.06,0.001937179,0.000829538,-0.016321045,6.565052397,
283,1894.07,0.003543347,0.000829538,0.042092157,6.565052397,
284,1894.08,0.004170142,0.000829538,0.020092593,6.755342479,
285,1894.09,0.003200341,0.000829538,-0.027157738,6.850483471,
286,1894.1,0.003188949,0.000829538,0.004160906,6.660193388,
287,1894.11,0.003669257,0.0009327,-0.005120968,6.660193388,
288,1894.12,-0.002702067,0.001344184,-0.00755814,6.565052397,
289,1895.01,0.017099796,0.0009327,-0.010033333,6.565052397,
290,1895.02,0.004990803,0.001035746,0.004110979,6.565052397,
291,1895.03,0.005661461,0.002059836,0.047036595,6.565052397,
292,1895.04,0.005157846,0.001446765,0.05879672,6.850483471,
293,1895.05,0.006479385,0.001035746,0.023168836,6.945632562,
294,1895.06,0.00253237,0.001035746,0.007801418,7.040773554,
295,1895.07,-0.001081493,0.001035746,0.018331568,6.945632562,
296,1895.08,0.003563429,0.000829538,0.009685108,6.850483471,
297,1895.09,0.003403983,0.001446765,-0.011151452,6.850483471,
298,1895.1,-0.000979651,0.001753817,-0.030292982,6.850483471,
299,1895.11,0.000721495,0.001651581,-0.055343137,6.850483471,
300,1895.12,-0.006962743,0.00797414,-0.007908951,6.755342479,
301,1896.01,0.001300105,0.00327374,0.045846995,6.660193388,
302,1896.02,0.0061132,0.003072542,-0.01220412,6.565052397,
303,1896.03,0.005417179,0.002668809,0.012699772,6.565052397,
304,1896.04,0.000987139,0.00226328,-0.001004902,6.469903306,
305,1896.05,0.003285485,0.001651581,-0.014662879,6.374754215,
306,1896.06,-0.003513324,0.001446765,-0.061246142,6.279613223,
307,1896.07,-0.003229196,0.001446765,-0.053131188,6.279613223,
308,1896.08,0.010969558,0.004867551,0.056502625,6.279613223,
309,1896.09,0.005962646,0.003874685,0.026236492,6.279613223,
310,1896.1,0.009295637,0.018769265,0.071985772,6.469903306,
311,1896.11,0.003358333,0.002059836,-0.033089802,6.660193388,
312,1896.12,0.008231668,0.001651581,0.003554502,6.660193388,
313,1897.01,0.003974646,0.001344184,-0.005924171,6.469903306,
314,1897.02,0.004376278,0.001344184,0.005980861,6.469903306,
315,1897.03,0.004192764,0.001344184,-0.027446301,6.469903306,
316,1897.04,5.10E-05,0.001138675,0.00862069,6.374754215,
317,1897.05,0.006414799,0.001138675,0.050245098,6.279613223,
318,1897.06,0.00535353,0.0009327,0.048009368,6.279613223,
319,1897.07,0.001694696,0.0009327,0.06838565,6.279613223,
320,1897.08,0.002902985,0.001138675,0.051578947,6.565052397,
321,1897.09,0.006091359,0.002668809,-0.029116466,6.755342479,
322,1897.1,0.004553641,0.001651581,-0.032157676,6.660193388,
323,1897.11,0.004638808,0.001446765,0.024731183,6.660193388,
324,1897.12,0.002693471,0.003072542,0.030526316,6.660193388,
325,1898.01,-0.003529575,0.001446765,0.00105362,6.660193388,
326,1898.02,-0.006105629,0.00226328,-0.042037988,6.755342479,
327,1898.03,-0.002288413,0.001753817,-0.013888889,6.755342479,
328,1898.04,0.006498521,0.002059836,0.069049964,6.755342479,
329,1898.05,0.006925957,0.001138675,0.042236482,7.231071736,
330,1898.06,0.009710292,0.001035746,0.007081686,6.755342479,
331,1898.07,0.003662229,0.001035746,0.04054626,6.660193388,
332,1898.08,0.002729476,0.001651581,0.001159077,6.660193388,
333,1898.09,0.003253286,0.003072542,-0.017823194,6.660193388,
334,1898.1,0.001680913,0.001446765,0.036192557,6.660193388,
335,1898.11,0.005070119,0.001855938,0.065136278,6.660193388,
336,1898.12,0.004497403,0.00226328,0.079056047,6.755342479,
337,1899.01,0.000908373,0.002059836,0.04058114,6.755342479,
338,1899.02,0.003467827,0.002059836,0.016926836,6.945632562,
339,1899.03,0.00459799,0.004867551,0.015136719,6.945632562,
340,1899.04,0.002048224,0.00327374,-0.039052212,7.040773554,
341,1899.05,0.004678559,0.00246627,-0.019804079,7.040773554,
342,1899.06,0.001038836,0.002870899,0.037410763,7.135922645,
343,1899.07,0.003176389,0.003173196,0.028208599,7.231071736,
344,1899.08,0.002414304,0.002364831,-0.008194876,7.326212727,
345,1899.09,0.002542945,0.00643403,-0.001995029,7.611651901,
346,1899.1,0.003911527,0.004867551,0.021665352,7.706792893,
347,1899.11,0.008483335,0.004867551,-0.065412797,7.801941983,
348,1899.12,0.002472253,0.004471699,0.016196013,7.897091074,
349,1900.01,0.003419548,0.002668809,0.021004098,7.897091074,
350,1900.02,0.00492443,0.001855938,0.011070853,7.992232066,
351,1900.03,-0.001678671,0.002870899,0.015874601,7.992232066,
352,1900.04,0.004613289,0.001855938,-0.044164038,7.992232066,
353,1900.05,0.002347621,0.001651581,-0.026386589,7.801941983,
354,1900.06,0.001393319,0.001138675,0.00362628,7.706792893,
355,1900.07,0.000322855,0.001138675,0.017384812,7.801941983,
356,1900.08,0.004520864,0.001035746,-0.019781145,7.706792893,
357,1900.09,0.0024711,0.001600421,0.040193966,7.801941983,
358,1900.1,0.007141023,0.003674809,0.082154742,7.706792893,
359,1900.11,0.005158817,0.002870899,0.063946759,7.706792893,
360,1900.12,0.003179773,0.004273128,0.032751092,7.611651901,
361,1901.01,0.002392395,0.001651581,0.029015794,7.706792893,
362,1901.02,0.001492992,0.001651581,0.039348276,7.611651901,
363,1901.03,0.004304709,0.002059836,0.087272526,7.611651901,
364,1901.04,0.001380052,0.00327374,-0.047228706,7.51650281,
365,1901.05,0.003172628,0.00246627,0.102935533,7.51650281,
366,1901.06,0.001605018,0.005654145,-0.064019608,7.51650281,
367,1901.07,3.02E-05,0.002059836,0.01714691,7.611651901,
368,1901.08,0.004111365,0.002161615,-0.001727819,7.706792893,
369,1901.09,0.004843795,0.003072542,-0.00796875,7.801941983,
370,1901.1,0.001937937,0.002668809,0.024828276,7.801941983,
371,1901.11,0.003040206,0.00327374,-0.012806312,7.897091074,
372,1901.12,0.001267094,0.005261694,0.024737945,7.992232066,
373,1902.01,0.003267454,0.001957944,0.011912972,7.897091074,
374,1902.02,0.00237535,0.001855938,0.004494302,7.897091074,
375,1902.03,0.002812981,0.003874685,0.03742378,7.897091074,
376,1902.04,0.00237115,0.003474495,0.000818593,7.992232066,
377,1902.05,-0.00506256,0.00246627,-0.002716706,8.087381157,
378,1902.06,-0.004205026,0.00226328,0.025812525,8.18251405,
379,1902.07,0.002507067,0.00226328,0.029901163,8.18251405,
380,1902.08,0.01172287,0.003072542,0.005348245,8.087381157,
381,1902.09,0.003780022,0.012445138,-0.028554614,8.18251405,
382,1902.1,0.000130381,0.004074124,-0.03531408,8.753424793,
383,1902.11,0.000581854,0.003674809,-0.019728964,8.467928926,
384,1902.12,0.002445006,0.006821493,0.054347826,8.563094215,
385,1903.01,0.003368179,0.003072542,-0.002642829,8.658259504,
386,1903.02,0.004729961,0.00246627,-0.035936385,8.658259504,
387,1903.03,-0.001386466,0.004669839,-0.037386551,8.372844628,
388,1903.04,0.004314503,0.002668809,-0.015734409,8.372844628,
389,1903.05,0.00069036,0.001855938,-0.051553728,8.18251405,
390,1903.06,0.000572518,0.001855938,-0.042014856,8.18251405,
391,1903.07,0.002467643,0.001651581,-0.027959854,8.18251405,
392,1903.08,0.003996191,0.001446765,-0.019817748,8.18251405,
393,1903.09,0.002803093,0.001957944,-0.02801391,8.277679339,
394,1903.1,0.000811187,0.00327374,0.00781017,8.18251405,
395,1903.11,0.002465339,0.005261694,0.050800159,8.087381157,
396,1903.12,0.001748856,0.004867551,0.021182141,8.087381157,
397,1904.01,7.87E-05,0.001446765,-0.022621008,8.277679339,
398,1904.02,0.002981033,0.001549231,0.001324359,8.467928926,
399,1904.03,0.002252156,0.001344184,0.029063786,8.372844628,
400,1904.04,0.001522364,0.0009327,-0.016858685,8.277679339,
401,1904.05,0.003226393,0.001138675,0.005811538,8.087381157,
402,1904.06,0.002495381,0.0009327,0.045698925,8.087381157,
403,1904.07,6.27E-05,0.000726259,0.037938791,8.087381157,
404,1904.08,0.003250737,0.000829538,0.048065858,8.18251405,
405,1904.09,0.00251184,0.001651581,0.062386157,8.277679339,
406,1904.1,0.000539869,0.001855938,0.057598925,8.277679339,
407,1904.11,0.002658439,0.002870899,0.012987556,8.467928926,
408,1904.12,0.002529698,0.00246627,0.024949495,8.467928926,
409,1905.01,0.002529698,0.001549231,0.046972123,8.467928926,
410,1905.02,0.006568284,0.002059836,0.031375947,8.467928926,
411,1905.03,0.00249069,0.003072542,-0.009254144,8.372844628,
412,1905.04,0.00103495,0.00246627,-0.046264914,8.372844628,
413,1905.05,0.00396172,0.001855938,0.014885294,8.277679339,
414,1905.06,0.00249069,0.00226328,0.034496124,8.277679339,
415,1905.07,0.003206682,0.001549231,0.040226419,8.277679339,
416,1905.08,0.004625858,0.001651581,0.006189312,8.372844628,
417,1905.09,0.002463116,0.004074124,0.017018779,8.277679339,
418,1905.1,-0.000272059,0.003072542,-0.002433226,8.277679339,
419,1905.11,-0.002523257,0.004471699,0.027643215,8.372844628,
420,1905.12,0.003031014,0.028436156,0.037473795,8.467928926,
421,1906.01,0.001038836,0.00327374,-0.004257008,8.467928926,
422,1906.02,0.0025478,0.003874685,-0.021584184,8.467928926,
423,1906.03,0.005771997,0.004074124,-0.010569212,8.467928926,
424,1906.04,-0.000201409,0.00327374,-0.023389007,8.467928926,
425,1906.05,0.001286767,0.002870899,0.016332607,8.563094215,
426,1906.06,0.002801301,0.002870899,-0.022535842,8.563094215,
427,1906.07,0.003937528,0.001753817,0.077362031,8.277679339,
428,1906.08,0.003780575,0.004867551,0.034058753,8.467928926,
429,1906.09,0.002153316,0.004074124,-0.026732303,8.563094215,
430,1906.1,0.00228447,0.004074124,0.02388061,8.753424793,
431,1906.11,0.002286891,0.004867551,-0.005755287,8.848509091,
432,1906.12,0.00027831,0.004867551,-0.025067751,8.94367438,
433,1907.01,0.002303035,0.00226328,-0.027865237,8.848509091,
434,1907.02,0.004828565,0.004074124,-0.094612131,9.038839669,
435,1907.03,0.002784517,0.004867551,0.008882236,8.94367438,
436,1907.04,0.000778504,0.001855938,-0.030459873,8.94367438,
437,1907.05,0.000780368,0.001446765,-0.027811728,9.134004959,
438,1907.06,0.002569932,0.004074124,0.042729592,9.229089256,
439,1907.07,-0.001305349,0.002059836,-0.070605037,9.229089256,
440,1907.08,-0.000576453,0.00246627,-0.005901948,9.229089256,
441,1907.09,0.00102697,0.00327374,-0.103914989,9.229089256,
442,1907.1,-0.00453853,0.028436156,-0.053296938,9.324254545,
443,1907.11,-0.0042633,0.005654145,0.057022667,8.94367438,
444,1907.12,0.009219365,0.01530947,0.048198884,8.753424793,
445,1908.01,0.003873619,0.001446765,-0.031183698,8.658259504,
446,1908.02,0.004410453,0.001446765,0.046380051,8.563094215,
447,1908.03,0.004378722,0.001651581,0.059073265,8.563094215,
448,1908.04,0.002686393,0.001446765,0.058778775,8.658259504,
449,1908.05,0.000171893,0.001344184,0.005933814,8.658259504,
450,1908.06,0.002425094,0.001241488,0.041230366,8.658259504,
451,1908.07,0.001579394,0.0009327,0.047313763,8.753424793,
452,1908.08,0.004988182,0.0009327,-0.00672619,8.753424793,
453,1908.09,0.002702755,0.001035746,0.016421869,8.753424793,
454,1908.1,0.001576041,0.001241488,0.071812777,8.848509091,
455,1908.11,0.002713772,0.001446765,0.02645621,8.94367438,
456,1908.12,0.002713772,0.002668809,0.007013658,9.038839669,
457,1909.01,0.002713772,0.001241488,-0.024988043,8.94367438,
458,1909.02,0.002713772,0.001651581,0.017487689,9.038839669,
459,1909.03,0.002713772,0.001446765,0.048673393,9.038839669,
460,1909.04,0.000438119,0.001446765,0.03695726,9.229089256,
461,1909.05,0.00273605,0.001446765,0.021259086,9.324254545,
462,1909.06,0.001007947,0.001446765,0.017857143,9.419419835,
463,1909.07,-0.001063872,0.001549231,0.027693662,9.419419835,
464,1909.08,0.000399873,0.001855938,0.004475278,9.514585124,
465,1909.09,0.003114929,0.002364831,0.007441937,9.609669421,
466,1909.1,-0.000384996,0.00327374,-0.001357934,9.8,
467,1909.11,0.001758352,0.003974459,0.015362639,9.895165289,
468,1909.12,0.000987154,0.004471699,-0.017799353,9.990330579,
469,1910.01,0.002871556,0.002567596,-0.032056052,9.895165289,
470,1910.02,0.001614591,0.002364831,0.028506516,9.895165289,
471,1910.03,0.00288396,0.002364831,-0.020352242,10.08541488,
472,1910.04,0.002251548,0.003173196,-0.012602881,10.18058017,
473,1910.05,0.003522848,0.002668809,-0.044172768,9.990330579,
474,1910.06,0.003042136,0.00231407,-0.046382784,9.895165289,
475,1910.07,0.003348728,0.001446765,0.028718171,9.895165289,
476,1910.08,0.004136141,0.001138675,0.011111111,9.8,
477,1910.09,0.002865395,0.001957944,0.050341377,9.704834711,
478,1910.1,0.002865395,0.00276991,0.003084764,9.419419835,
479,1910.11,0.002865395,0.002161615,-0.023742392,9.229089256,
480,1910.12,0.002865395,0.003173196,0.028637201,9.229089256,
481,1911.01,0.005034807,0.002059836,0.021485077,9.229089256,
482,1911.02,0.002844035,0.001855938,-0.007511488,8.94367438,
483,1911.03,0.001768346,0.001855938,-8.94E-05,9.038839669,
484,1911.04,0.002854633,0.001906955,0.02577227,8.753424793,
485,1911.05,-0.000432849,0.001906955,0.024173699,8.753424793,
486,1911.06,0.002887082,0.002008904,-8.62E-05,8.753424793,
487,1911.07,0.00097498,0.001957944,-0.043700242,8.848509091,
488,1911.08,0.002905973,0.001855938,-0.050254453,9.134004959,
489,1911.09,0.002581808,0.001855938,0.010284506,9.229089256,
490,1911.1,0.002909176,0.001957944,0.044629205,9.229089256,
491,1911.11,0.002909176,0.001957944,0.008728409,9.134004959,
492,1911.12,0.002269397,0.002971776,0.005397,9.038839669,
493,1912.01,0.0029155,0.001753817,-0.004470029,9.134004959,
494,1912.02,0.004196013,0.001855938,0.033109329,9.229089256,
495,1912.03,0.003385258,0.002059836,0.035416667,9.419419835,
496,1912.04,0.003696925,0.00226328,0.003070038,9.704834711,
497,1912.05,0.002249708,0.00226328,0.004124913,9.704834711,
498,1912.06,0.002896527,0.00226328,0.005175713,9.609669421,
499,1912.07,0.001616492,0.00226328,0.027075078,9.609669421,
500,1912.08,0.002950737,0.00246627,0.009146279,9.704834711,
501,1912.09,0.003349421,0.004471699,0.002007268,9.8,
502,1912.1,0.003062398,0.004074124,-0.007128218,9.8,
503,1912.11,0.002586939,0.006821493,-0.031867078,9.8,
504,1912.12,0.002905973,0.00643403,-0.004264392,9.704834711,
505,1913.01,0.003388291,0.00226328,-0.031182796,9.8,
506,1913.02,0.002419027,0.002567596,-0.014492754,9.8,
507,1913.03,0.001942149,0.003574707,0.003409091,9.8,
508,1913.04,0.004836986,0.00226328,-0.022753129,9.8,
509,1913.05,0.002256271,0.00226328,-0.045614035,9.7,
510,1913.06,-0.004276112,0.001651581,0.018472906,9.8,
511,1913.07,0.001633698,0.002059836,0.031591738,9.9,
512,1913.08,0.00197028,0.001855938,0.014201183,9.9,
513,1913.09,0.000429688,0.00246627,-0.026963658,10,
514,1913.1,0.006613801,0.003474495,-0.020581114,10,
515,1913.11,0.005663953,0.00327374,0.003726708,10.1,
516,1913.12,0.005591739,0.002971776,0.0460199,10,
517,1914.01,0.003748526,0.001651581,0.017871366,10,
518,1914.02,0.001955812,0.001549231,-0.014249214,9.9,
519,1914.03,0.002281018,0.001549231,-0.01938101,9.9,
520,1914.04,-0.002729013,0.001446765,0.010878489,9.8,
521,1914.05,0.005193005,0.001549231,-0.000254998,9.9,
522,1914.06,0.002977416,0.001549231,-0.050738007,9.9,
523,1914.07,0.002990524,0.003173196,0.004828559,10,
524,1914.08,0.002365572,0.004867551,0.004774306,10.2,
525,1914.09,0.002371859,0.004867551,0.004720052,10.2,
526,1914.1,0.002378146,0.004867551,0.004665799,10.1,
527,1914.11,0.001947245,0.003974459,-0.038357205,10.2,
528,1914.12,0.002832362,0.00246627,0.02244898,10.1,
529,1915.01,0.004372261,0.001549231,-0.008680927,10.1,
530,1915.02,0.006018142,0.001549231,0.030507001,10,
531,1915.03,0.002632775,0.001549231,0.079948261,9.9,
532,1915.04,0.002296699,0.001651581,-0.019007985,10,
533,1915.05,0.001121279,0.001446765,0.015767296,10.1,
534,1915.06,0.00248804,0.001446765,0.000673715,10.1,
535,1915.07,0.002997448,0.001549231,0.046876821,10.1,
536,1915.08,0.002997448,0.001446765,0.041384232,10.1,
537,1915.09,0.002997448,0.001446765,0.059540993,10.1,
538,1915.1,0.001634171,0.001549231,0.038915937,10.2,
539,1915.11,0.005559564,0.001549231,0.005894996,10.3,
540,1915.12,0.001803261,0.001651581,-0.012042897,10.3,
541,1916.01,0.006029208,0.001446765,-0.009996427,10.4,
542,1916.02,0.004293782,0.001549231,0.000830616,10.4,
543,1916.03,0.002291326,0.001549231,-0.006702108,10.5,
544,1916.04,0.003624022,0.001957944,0.026399302,10.6,
545,1916.05,0.000454364,0.001753817,0.014061489,10.7,
546,1916.06,0.001126833,0.002364831,-0.009481838,10.8,
547,1916.07,0.003675764,0.001957944,0.012150596,10.8,
548,1916.08,0.003661022,0.001855938,0.045490143,10.9,
549,1916.09,0.004325726,0.002161615,0.035532886,11.1,
550,1916.1,-5.50E-05,0.001957944,0.027540915,11.3,
551,1916.11,0.004357714,0.002567596,-0.035674176,11.5,
552,1916.12,0.001631525,0.00246627,-0.018707483,11.6,
553,1917.01,0.004523337,0.001549231,-0.051455939,11.7,
554,1917.02,-0.003706975,0.001957944,0.036375969,12,
555,1917.03,0.001998007,0.001855938,-0.009734157,12,
556,1917.04,-0.003035478,0.00226328,-0.028323337,12.6,
557,1917.05,0.00054231,0.002161615,0.026092927,12.8,
558,1917.06,0.003518547,0.003974459,-0.021893437,13,
559,1917.07,0.002777197,0.002059836,-0.023551384,12.8,
560,1917.08,0.006277824,0.002971776,-0.041747753,13,
561,1917.09,0.001469735,0.004372467,-0.04743945,13.3,
562,1917.1,0.003134911,0.00327374,-0.076081814,13.5,
563,1917.11,-0.000580867,0.003374173,-0.026051136,13.5,
564,1917.12,0.003917273,0.00417368,0.06875,13.7,
565,1918.01,0.004664434,0.003374173,0.038372631,14,
566,1918.02,0.003149678,0.004471699,-0.012673845,14.1,
567,1918.03,0.004256765,0.004768748,-0.00206044,14,
568,1918.04,0.003327239,0.003674809,0.039412853,14.2,
569,1918.05,0.006242547,0.004570823,0.008512545,14.5,
570,1918.06,0.003467305,0.00327374,0.015100671,14.7,
571,1918.07,0.003463771,0.004768748,0.016200621,15.1,
572,1918.08,0.002375433,0.004867551,0.0014292,15.4,
573,1918.09,0.002021817,0.004867551,0.049071618,15.7,
574,1918.1,0.004743913,0.004867551,0.031700594,16,
575,1918.11,0.003100288,0.004471699,-0.013854425,16.3,
576,1918.12,-0.06630725,0.004273128,-0.000316456,16.5,
577,1919.01,-0.001676929,0.003674809,0.00983758,16.5,
578,1919.02,0.001525659,0.004074124,0.036413917,16.2,
579,1919.03,0.004688147,0.004273128,0.038998358,16.4,
580,1919.04,0.007828322,0.004074124,0.074659317,16.7,
581,1919.05,0.002282575,0.004074124,0.031896135,16.9,
582,1919.06,0.001516376,0.005261694,0.037549765,16.9,
583,1919.07,-0.000800116,0.004867551,-0.06250701,17.4,
584,1919.08,0.007866239,0.004867551,0.020887824,17.7,
585,1919.09,0.005473657,0.004867551,0.056048835,17.8,
586,1919.1,-0.003927454,0.004471699,-0.024844245,18.1,
587,1919.11,-0.003034599,0.005849741,-0.024543888,18.5,
588,1919.12,0.001711097,0.007783037,-0.005138266,18.9,
589,1920.01,-0.00520558,0.007207323,-0.077686863,19.3,
590,1920.02,0.001079723,0.006627967,0.075789095,19.5,
591,1920.03,-0.010326966,0.006239681,-0.003027682,19.7,
592,1920.04,-0.018263485,0.006044919,-0.057719961,20.3,
593,1920.05,0.007617908,0.004867551,-0.011975806,20.6,
594,1920.06,0.002301622,0.00643403,0.004208754,20.9,
595,1920.07,-0.002918638,0.006627967,-0.03373051,20.8,
596,1920.08,0.02288929,0.005849741,0.041191886,20.3,
597,1920.09,0.031481305,0.005654145,0.006723846,20,
598,1920.1,-0.00578099,0.007014612,-0.045333122,19.9,
599,1920.11,-0.010148198,0.005261694,-0.083871435,19.8,
600,1920.12,0.01747608,0.005654145,0.050293686,19.4,
601,1921.01,0.000489384,0.005654145,-0.001104079,19,
602,1921.02,0.005117165,0.005654145,-0.01957389,18.4,
603,1921.03,0.006641819,0.005261694,0.010386386,18.3,
604,1921.04,0.003554235,0.005340319,0.036339846,18.1,
605,1921.05,0.002798306,0.00557579,-0.074330524,17.7,
606,1921.06,0.005109367,0.004153777,0.003117048,17.6,
607,1921.07,0.007402393,0.004074124,-0.006115365,17.7,
608,1921.08,0.012005162,0.004392322,0.030965116,17.7,
609,1921.09,0.026862738,0.003914608,0.019572617,17.5,
610,1921.1,0.018952162,0.004471699,0.05955597,17.5,
611,1921.11,0.017329539,0.004074124,0.040889991,17.4,
612,1921.12,0.005280482,0.004074124,0.003875969,17.3,
613,1922.01,-0.000290436,0.003994401,0.027216895,16.9,
614,1922.02,0.010882589,0.003978448,0.042764745,16.9,
615,1922.03,0.014058571,0.003313926,0.065810724,16.7,
616,1922.04,0.005139394,0.002870899,0.043815469,16.7,
617,1922.05,0.005124547,0.003112817,-0.004681516,16.7,
618,1922.06,0.011569149,0.002385128,0.011883629,16.7,
619,1922.07,0.005035479,0.003112817,0.042393263,16.8,
620,1922.08,-0.002228938,0.002911263,0.030703096,16.6,
621,1922.09,-0.00534429,0.00371482,0.02665103,16.6,
622,1922.1,0.001153469,0.003754812,-0.045161087,16.7,
623,1922.11,0.004375981,0.003834745,0.002517045,16.8,
624,1922.12,0.003568021,0.003978448,0.018507973,16.9,
625,1923.01,0.002768628,0.003514593,0.047487828,16.8,
626,1923.02,-0.000411272,0.004074124,0.020773168,16.8,
627,1923.03,0.002820015,0.004574786,-0.03044362,16.8,
628,1923.04,0.005221069,0.003794787,-0.042521062,16.9,
629,1923.05,0.006005991,0.003834745,-0.033080546,16.9,
630,1923.06,0.003584393,0.004551007,-0.028377298,17,
631,1923.07,0.002785759,0.004074124,0.0103567,17.2,
632,1923.08,0.002794324,0.004034271,0.011556584,17.1,
633,1923.09,0.000413807,0.004153777,-0.009355828,17.2,
634,1923.1,0.006027129,0.003674809,0.035353881,17.3,
635,1923.11,0.005206217,0.003874685,0.039180774,17.3,
636,1923.12,0.007595256,0.004074124,0.03791423,17.3,
637,1924.01,0.005154242,0.00327374,0.009547943,17.3,
638,1924.02,0.003535274,0.003426354,-0.014155393,17.2,
639,1924.03,0.007551311,0.003233536,-0.017863985,17.1,
640,1924.04,0.009944552,0.003233536,0.001732353,17,
641,1924.05,0.0172474,0.002773951,0.024186344,17,
642,1924.06,0.006547158,0.001651581,0.051564311,17,
643,1924.07,0.005703466,0.001651581,0.039329088,17.1,
644,1924.08,0.002416908,0.001651581,-0.004788544,17,
645,1924.09,0.007326079,0.001651581,-0.008063063,17.1,
646,1924.1,0.000751368,0.001651581,0.060849763,17.2,
647,1924.11,-0.001657898,0.002059836,0.058681708,17.2,
648,1924.12,0.0032731,0.00317722,0.045849738,17.3,
649,1925.01,0.004087125,0.002870899,0.012871771,17.3,
650,1925.02,0.002451267,0.003321961,-0.021881443,17.2,
651,1925.03,0.005717518,0.002951609,-0.006075553,17.3,
652,1925.04,0.008151434,0.003112817,0.036695039,17.2,
653,1925.05,0.009761721,0.003233536,0.022390826,17.3,
654,1925.06,0.003133681,0.003354095,0.032214506,17.5,
655,1925.07,-0.001773949,0.003233536,0.017861862,17.7,
656,1925.08,0.003182898,0.003554674,0.027431852,17.7,
657,1925.09,0.005640257,0.003834745,0.037268317,17.7,
658,1925.1,0.005619196,0.003874685,0.035265629,17.7,
659,1925.11,0.002313774,0.003778799,0.020362969,18,
660,1925.12,0.005605157,0.004772703,0.019261637,17.9,
661,1926.01,0.00805807,0.00327374,0.005583004,17.9,
662,1926.02,0.003068038,0.004074124,-0.063831886,17.9,
663,1926.03,0.0038919,0.003834745,-0.023549958,17.8,
664,1926.04,0.005534995,0.003153074,0.011541812,17.9,
665,1926.05,0.003035209,0.003193314,0.052173443,17.8,
666,1926.06,0.002210552,0.003434379,0.046552436,17.7,
667,1926.07,0.001395693,0.00327374,0.043928288,17.5,
668,1926.08,0.003059831,0.003834745,0.019435976,17.4,
669,1926.09,0.004709145,0.004312877,-0.018346471,17.5,
670,1926.1,0.0080057,0.003674809,0.017377112,17.6,
671,1926.11,0.007970847,0.003674809,0.027056482,17.7,
672,1926.12,0.007102172,0.004551007,-0.002409192,17.7,
673,1927.01,0.005401823,0.00327374,0.023735697,17.5,
674,1927.02,0.012087445,0.00327374,0.01966386,17.4,
675,1927.03,0.004464667,0.003674809,0.02877914,17.3,
676,1927.04,0.006130597,0.00327374,0.038685785,17.3,
677,1927.05,0.00022451,0.003594736,0.01702551,17.4,
678,1927.06,0.001089126,0.00327374,0.026248041,17.6,
679,1927.07,0.006137185,0.003153074,0.057253066,17.3,
680,1927.08,0.004427646,0.002870899,0.060632668,17.2,
681,1927.09,0.003571652,0.003233536,-0.011658796,17.3,
682,1927.1,0.00778002,0.002870899,0.02656225,17.4,
683,1927.11,0.007745484,0.002870899,0.027175166,17.3,
684,1927.12,0.001779508,0.004376439,0.007684231,17.3,
685,1928.01,0.001788145,0.003032249,-0.008287222,17.3,
686,1928.02,0.00433142,0.003474495,0.057463915,17.1,
687,1928.03,9.22E-05,0.003794787,0.066621005,17.1,
688,1928.04,-0.000720598,0.004034271,0.034350086,17.1,
689,1928.05,-0.001519891,0.004867551,-0.045652917,17.2,
690,1928.06,-0.00813301,0.005654145,0.010909569,17.1,
691,1928.07,-0.002166059,0.004471699,0.035911186,17.1,
692,1928.08,0.004546132,0.005497367,0.073741574,17.1,
693,1928.09,0.002029702,0.00557579,0.023578964,17.3,
694,1928.1,0.010401346,0.005261694,0.070820602,17.2,
695,1928.11,-0.003040059,0.005261694,0.006950347,17.2,
696,1928.12,-0.002962801,0.00797414,0.076925846,17.1,
697,1929.01,-0.005358395,0.004867551,0.008112094,17.1,
698,1929.02,-0.006873131,0.005654145,0.020508203,17.1,
699,1929.03,0.011355159,0.010050402,-0.003014812,17,
700,1929.04,0.003010583,0.00643403,0.017965454,16.9,
701,1929.05,-0.001110709,0.005340319,0.022018706,17,
702,1929.06,0.007182871,0.007514821,0.092001275,17.1,
703,1929.07,-0.002753666,0.006122874,0.05957397,17.3,
704,1929.08,0.0038919,0.006589212,0.04244186,17.3,
705,1929.09,0.010506855,0.006744132,-0.103248136,17.3,
706,1929.1,0.024772106,0.004867551,-0.261909015,17.3,
707,1929.11,0.001934862,0.003674809,0.043731778,17.3,
708,1929.12,-0.003062153,0.004471699,0.01826324,17.2,
709,1930.01,0.004509099,0.003674809,0.066370336,17.1,
710,1930.02,0.012906149,0.003594736,0.041221283,17,
711,1930.03,-0.003973821,0.003112817,0.066877263,16.9,
712,1930.04,0.007826145,0.00327374,-0.056515776,17,
713,1930.05,0.007791543,0.00246627,-0.097694932,16.9,
714,1930.06,0.002690176,0.001815103,-0.017599907,16.8,
715,1930.07,0.00184858,0.001651581,-0.008959323,16.6,
716,1930.08,0.004383229,0.001651581,0.003433943,16.5,
717,1930.09,0.005212893,0.001651581,-0.133712303,16.6,
718,1930.1,0.004346221,0.001651581,-0.067995257,16.5,
719,1930.11,0.000111132,0.001651581,-0.061877256,16.4,
720,1930.12,0.004353622,0.001651581,0.03556845,16.1,
721,1931.01,-0.005750538,0.001241488,0.081386629,15.9,
722,1931.02,0.005254845,0.001241488,0.023804748,15.7,
723,1931.03,0.003548216,0.001241488,-0.090796729,15.6,
724,1931.04,0.011155446,0.001241488,-0.091599937,15.5,
725,1931.05,0.005156987,0.001241488,-0.02678937,15.3,
726,1931.06,0.000899256,0.001241488,0.038572459,15.1,
727,1931.07,7.33E-05,0.001241488,-0.024850547,15.1,
728,1931.08,-0.003261419,0.001241488,-0.143685252,15.1,
729,1931.09,-0.028722179,0.001241488,-0.127500704,15,
730,1931.1,0.003002374,0.002059836,0.020542276,14.9,
731,1931.11,-0.021441638,0.002059836,-0.180996952,14.7,
732,1931.12,-0.023219294,0.00246627,-0.008491311,14.6,
733,1932.01,0.015636196,0.002059836,-0.000468876,14.3,
734,1932.02,0.018884825,0.002059836,0.011408465,14.1,
735,1932.03,0.023032157,0.002059836,-0.232243745,14,
736,1932.04,-0.003528457,0.002059836,-0.113146231,13.9,
737,1932.05,0.003109067,0.002059836,-0.123915608,13.7,
738,1932.06,0.018024732,0.002059836,0.061844864,13.6,
739,1932.07,0.013801683,0.001651581,0.513527944,13.6,
740,1932.08,0.005359806,0.001651581,0.103659805,13.5,
741,1932.09,0.001995224,0.001651581,-0.132163035,13.4,
742,1932.1,0.001170377,0.000829538,-0.003355571,13.3,
743,1932.11,0.011233813,0.000829538,-0.026398345,13.2,
744,1932.12,0.013734471,0.000829538,0.045698925,13.1,
745,1933.01,-0.004890461,0.000829538,-0.112658674,12.9,
746,1933.02,-0.006446408,0.000829538,0.003333333,12.7,
747,1933.03,0.002829903,0.002547339,0.112426431,12.6,
748,1933.04,0.012909466,0.000829538,0.29317852,12.6,
749,1933.05,0.010324111,0.000829538,0.175826757,12.6,
750,1933.06,0.003501342,0.000829538,0.084616619,12.7,
751,1933.07,0.001805415,0.000829538,-0.04641585,13.1,
752,1933.08,0.004346221,0.000829538,-0.004842237,13.2,
753,1933.09,0.000111132,0.000622862,-0.093769691,13.2,
754,1933.1,-0.017337626,0.000622862,0.028010471,13.2,
755,1933.11,-0.002951773,0.000622862,0.023219155,13.2,
756,1933.12,0.007083575,0.000829538,0.060849214,13.2,
757,1934.01,0.01969483,0.000829538,0.077488931,13.2,
758,1934.02,0.01371437,0.000829538,-0.04798513,13.3,
759,1934.03,0.007699514,0.000829538,0.020193203,13.3,
760,1934.04,0.008519095,0.000829538,-0.098265415,13.3,
761,1934.05,0.00676891,0.000829538,0.017025144,13.3,
762,1934.06,0.005024345,0.000829538,-0.043552985,13.4,
763,1934.07,-0.006917646,0.000829538,-0.035147835,13.4,
764,1934.08,-0.012645136,0.000829538,-0.020085165,13.4,
765,1934.09,0.017978357,0.000829538,0.012082395,13.6,
766,1934.1,0.002525665,0.000829538,0.032107076,13.5,
767,1934.11,0.007642178,0.000829538,0.01059058,13.5,
768,1934.12,0.016227713,0.000829538,0.004049676,13.4,
769,1935.01,0.007516538,0.000829538,-0.026187905,13.6,
770,1935.02,0.002295124,0.000829538,-0.059298441,13.7,
771,1935.03,0.005749902,0.000829538,0.079369798,13.7,
772,1935.04,0.003126287,0.000208095,0.082657329,13.8,
773,1935.05,0.003118472,0.000208095,0.041737889,13.8,
774,1935.06,0.003976479,0.000208095,0.05599473,13.7,
775,1935.07,-0.010656353,0.000208095,0.071048513,13.7,
776,1935.08,-0.000220545,0.000208095,0.02433304,13.7,
777,1935.09,0.005815339,0.000208095,0.029859317,13.7,
778,1935.1,0.001485508,0.000208095,0.097105705,13.7,
779,1935.11,0.004072552,0.000622862,0.002939673,13.8,
780,1935.12,0.004057768,0.000622862,0.058218303,13.8,
781,1936.01,0.007499459,0.000622862,0.060319767,13.8,
782,1936.02,0.006597387,0.000622862,0.024112257,13.8,
783,1936.03,0.003961702,0.000622862,0.004149843,13.7,
784,1936.04,0.003946927,0.000622862,-0.050197877,13.7,
785,1936.05,0.000463745,0.000829538,0.045737716,13.7,
786,1936.06,0.003079398,0.000829538,0.062343998,13.8,
787,1936.07,0.008292176,0.000829538,0.022975578,13.9,
788,1936.08,-0.000458372,0.000829538,0.014440244,14,
789,1936.09,0.001303555,0.000829538,0.055503634,14,
790,1936.1,0.012657105,0.000829538,0.031017698,14,
791,1936.11,0.001208133,0.000829538,-0.014000898,14,
792,1936.12,0.006463256,0.000829538,0.034583822,14,
793,1937.01,0.002923092,0.000829538,0.033020656,14.1,
794,1937.02,-0.020427401,0.000829538,0.002300755,14.1,
795,1937.03,-0.00377412,0.000829538,-0.056246545,14.2,
796,1937.04,0.005762983,0.000829538,-0.040858319,14.3,
797,1937.05,0.000554653,0.000829538,-0.033384615,14.4,
798,1937.06,0.010087529,0.000829538,0.063938619,14.4,
799,1937.07,-0.005536997,0.000829538,0.014366662,14.5,
800,1937.08,0.004020815,0.000829538,-0.137627773,14.5,
801,1937.09,0.002278647,0.000829538,-0.140976572,14.6,
802,1937.1,0.007471024,0.000829538,-0.082654723,14.6,
803,1937.11,0.003095028,0.000829538,-0.010193452,14.5,
804,1937.12,0.003954314,0.000829538,0.032365396,14.4,
805,1938.01,0.00567802,0.000829538,-0.018027314,14.2,
806,1938.02,0.000436454,0.000829538,-0.060185183,14.1,
807,1938.03,0.010030499,0.000829538,-0.03443259,14.1,
808,1938.04,0.005606243,0.000829538,0.015560052,14.2,
809,1938.05,0.000336316,0.000829538,0.029336448,14.1,
810,1938.06,0.002969985,0.000829538,0.204864512,14.1,
811,1938.07,0.003836144,0.000829538,0.010575524,14.1,
812,1938.08,-0.004888212,0.000829538,-0.040843034,14.1,
813,1938.09,0.011761777,0.000829538,0.116170213,14.1,
814,1938.1,-0.001444619,0.000829538,0.004657989,14,
815,1938.11,0.004704032,0.000829538,-0.025503698,14,
816,1938.12,0.002056069,0.000829538,-0.011623325,14,
817,1939.01,0.006438929,0.000829538,-0.00457778,14,
818,1939.02,0.009939227,0.000829538,0.002665773,13.9,
819,1939.03,0.008125428,0.000829538,-0.122410546,13.9,
820,1939.04,0.01433895,0.000829538,0.040961319,13.8,
821,1939.05,-0.000898012,0.000829538,0.021717624,13.8,
822,1939.06,0.003570516,0.000829538,0.028361038,13.8,
823,1939.07,-0.009710703,0.000829538,-0.010674637,13.8,
824,1939.08,-0.0386905,0.000829538,0.110557481,13.8,
825,1939.09,0.02235204,0.000829538,0.013834508,14.1,
826,1939.1,0.011737446,0.000829538,-0.014082687,14,
827,1939.11,0.010812454,0.000829538,-0.01973165,14,
828,1939.12,0.001025748,0.000829538,-0.00148208,14,
829,1940.01,0.001034439,0.000829538,-0.002280942,13.9,
830,1940.02,0.010781559,0.000829538,-0.001454808,14,
831,1940.03,-0.003457169,0.000829538,0.014197531,14,
832,1940.04,-0.014730832,0.000829538,-0.133410303,14,
833,1940.05,0.015268281,0.000829538,-0.080944132,14,
834,1940.06,0.008115068,0.000829538,0.038693554,14.1,
835,1940.07,0.003636889,0.000829538,0.026498724,14,
836,1940.08,0.008960476,0.000829538,0.04757625,14,
837,1940.09,0.007132693,0.000829538,0.014659768,14,
838,1940.1,0.016112556,0.000829538,0.028502641,14,
839,1940.11,0.006106408,0.000829538,-0.035898604,14,
840,1940.12,-0.022437945,0.000829538,0.007201646,14.1,
841,1941.01,-0.006180112,0.000829538,-0.057240656,14.1,
842,1941.02,0.014332812,0.000829538,0.011768343,14.1,
843,1941.03,0.008899339,0.000829538,-0.025460637,14.2,
844,1941.04,0.000782122,0.000829538,-0.015877135,14.3,
845,1941.05,0.010671062,0.000829538,0.041062805,14.4,
846,1941.06,0.012450708,0.000829538,0.057120902,14.7,
847,1941.07,-0.004803614,0.000829538,0.000758065,14.7,
848,1941.08,0.000660117,0.000829538,0.008624445,14.9,
849,1941.09,0.006082371,0.000829538,-0.034342448,15.1,
850,1941.1,-0.002076109,0.000829538,-0.040833054,15.3,
851,1941.11,-0.015394747,0.000829538,-0.058816551,15.4,
852,1941.12,0.002610441,0.000829538,0.026160578,15.5,
853,1942.01,-0.004518714,0.000829538,-0.024791592,15.7,
854,1942.02,0.008913415,0.000829538,-0.047623632,15.8,
855,1942.03,-0.003642575,0.000829538,-0.034535452,16,
856,1942.04,0.004426485,0.000829538,0.018707483,16.1,
857,1942.05,0.000834371,0.000829538,0.057482135,16.3,
858,1942.06,-0.000936369,0.000829538,0.043817527,16.3,
859,1942.07,0.001758914,0.000829538,0.000450106,16.4,
860,1942.08,0.00086919,0.000829538,0.016621391,16.5,
861,1942.09,0.002657342,0.000829538,0.0796851,16.5,
862,1942.1,-1.96E-05,0.000829538,0.021548641,16.7,
863,1942.11,0.004447268,0.000829538,0.010559662,16.8,
864,1942.12,0.005320209,0.000829538,0.065038515,16.9,
865,1943.01,0.000825665,0.000829538,0.064337628,16.9,
866,1943.02,-5.62E-05,0.000829538,0.040146554,16.9,
867,1943.03,0.00352628,0.000829538,0.037865101,17.2,
868,1943.04,0.006196727,0.000829538,0.04363345,17.4,
869,1943.05,0.002579174,0.000829538,0.021797028,17.5,
870,1943.06,-0.000111156,0.000829538,0.024724518,17.5,
871,1943.07,-9.28E-05,0.000829538,-0.045389116,17.4,
872,1943.08,0.001709345,0.000829538,0.025530004,17.3,
873,1943.09,-7.45E-05,0.000829538,-0.00500417,17.4,
874,1943.1,-0.000945961,0.000829538,-0.042064162,17.4,
875,1943.11,0.000860486,0.000829538,0.017701287,17.4,
876,1943.12,0.001758914,0.000829538,0.036657956,17.4,
877,1944.01,0.00532669,0.000829538,-0.002437883,17.4,
878,1944.02,0.00172587,0.000829538,0.032403476,17.4,
879,1944.03,0.000834371,0.000829538,-0.013085399,17.4,
880,1944.04,0.001734131,0.000829538,0.022030649,17.5,
881,1944.05,0.000843077,0.000829538,0.051423326,17.5,
882,1944.06,0.001742393,0.000829538,0.030189424,17.6,
883,1944.07,0.004419558,0.000829538,-0.010555558,17.7,
884,1944.08,0.000825665,0.000829538,-0.012251711,17.7,
885,1944.09,0.000834371,0.000829538,0.028835979,17.7,
886,1944.1,0.001734131,0.000829538,-0.002840176,17.7,
887,1944.11,0.000843077,0.000829538,0.02600104,17.7,
888,1944.12,0.014304654,0.000829538,0.033842239,17.8,
889,1945.01,0.007026701,0.000829538,0.037332178,17.8,
890,1945.02,0.006088379,0.000829538,0.003148416,17.8,
891,1945.03,0.0124282,0.000829538,0.029014118,17.8,
892,1945.04,0.001436498,0.000829538,0.04160831,17.8,
893,1945.05,0.005986426,0.000829538,0.021873594,17.9,
894,1945.06,-0.001330715,0.000829538,-0.016953833,18.1,
895,1945.07,0.003239005,0.000829538,0.007066605,18.1,
896,1945.08,0.004136103,0.000829538,0.071795162,18.1,
897,1945.09,0.00686051,0.000829538,0.045138889,18.1,
898,1945.1,0.005908713,0.000829538,0.036060606,18.1,
899,1945.11,-0.009637769,0.000829538,0.020246479,18.1,
900,1945.12,0.006866026,0.000829538,0.042989036,18.2,
901,1946.01,0.00316542,0.000829538,0.005857691,18.2,
902,1946.02,0.003150707,0.000829538,-0.026778579,18.1,
903,1946.03,-0.012318249,0.000829538,0.067693478,18.3,
904,1946.04,0.000520523,0.000829538,0.005180422,18.4,
905,1946.05,0.004163711,0.000829538,-0.003386809,18.5,
906,1946.06,-0.002217305,0.000829538,-0.025475422,18.7,
907,1946.07,-0.003982333,0.000829538,-0.016235766,19.8,
908,1946.08,-0.003016862,0.00114279,-0.144224732,20.2,
909,1946.09,0.003342077,0.00114279,-0.018721007,20.4,
910,1946.1,-0.005677157,0.00114279,-0.000131825,20.8,
911,1946.11,0.00971789,0.00114279,0.033942211,21.3,
912,1946.12,0.005132655,0.00114279,0.009198061,21.5,
913,1947.01,0.003290534,0.00114279,0.042698515,21.5,
914,1947.02,0.001461318,0.00114279,-0.03672644,21.5,
915,1947.03,-0.000349534,0.00114279,-0.03298153,21.9,
916,1947.04,0.002383743,0.00114279,-0.013622529,21.9,
917,1947.05,-0.002146667,0.00114279,0.039206573,21.9,
918,1947.06,0.002407195,0.00114279,0.066936208,22,
919,1947.07,0.004212049,0.00114279,-0.01558867,22.2,
920,1947.08,-0.003048465,0.00114279,-0.021668823,22.5,
921,1947.09,-0.007480019,0.00114279,0.030267818,23,
922,1947.1,-0.007352515,0.00114279,-0.007299531,23,
923,1947.11,-0.012523861,0.00114279,-0.011223898,23.1,
924,1947.12,0.001808471,0.001241488,-0.008649368,23.4,
925,1948.01,0.003585263,0.001241488,-0.044485654,23.7,
926,1948.02,0.002680792,0.001241488,0.019188339,23.5,
927,1948.03,0.002672975,0.001241488,0.081876457,23.4,
928,1948.04,0.009814956,0.001241488,0.053300866,23.8,
929,1948.05,-0.007187284,0.001241488,0.045872033,23.9,
930,1948.06,7.79E-06,0.001241488,-0.019569956,24.1,
931,1948.07,2.61E-05,0.001241488,-0.024884962,24.4,
932,1948.08,0.004481918,0.00134829,-0.006778895,24.5,
933,1948.09,-0.001754564,0.00134829,0.031884518,24.5,
934,1948.1,0.006269183,0.00134829,-0.051008853,24.4,
935,1948.11,0.004454197,0.00134829,-0.001580554,24.2,
936,1948.12,0.006220859,0.00134829,0.016293614,24.1,
937,1949.01,0.002610441,0.00134829,-0.033275461,24,
938,1949.02,0.005287816,0.00134829,0.014913863,23.8,
939,1949.03,0.002571357,0.00134829,0.004135927,23.8,
940,1949.04,0.00256354,0.00134829,-0.001828224,23.9,
941,1949.05,0.008852563,0.00134829,-0.049127932,23.8,
942,1949.06,0.004294986,0.00134829,0.062634216,23.9,
943,1949.07,0.007894125,0.00134829,0.041704325,23.7,
944,1949.08,-0.001195814,0.00134829,0.018712285,23.8,
945,1949.09,0.001535758,0.00134829,0.031418119,23.9,
946,1949.1,0.001535758,0.00134829,0.019474145,23.7,
947,1949.11,0.006058354,0.00134829,0.032416046,23.8,
948,1949.12,-0.007505563,0.00134829,0.026299879,23.6,
949,1950.01,-0.000221094,0.00134829,0.025227093,23.5,
950,1950.02,-0.000202761,0.00134829,0.013751695,23.5,
951,1950.03,-0.002869615,0.00134829,0.033861671,23.6,
952,1950.04,0.000755989,0.00134829,0.039144245,23.6,
953,1950.05,-0.003697229,0.00134829,0.021646782,23.7,
954,1950.06,0.001709345,0.00134829,-0.067235859,23.8,
955,1950.07,0.001709345,0.00134829,0.066375767,24.1,
956,1950.08,-0.00185487,0.00134829,0.041086408,24.3,
957,1950.09,-0.003587978,0.00134829,0.047213487,24.4,
958,1950.1,-0.000869258,0.00134829,0.003760569,24.6,
959,1950.11,0.002704241,0.00134829,0.001947092,24.7,
960,1950.12,0.006257094,0.00134829,0.080126582,25,
961,1951.01,-0.003555245,0.001651581,0.043087655,25.4,
962,1951.02,-0.011390549,0.001651581,-0.01112375,25.7,
963,1951.03,-0.006820797,0.001651581,0.019263369,25.8,
964,1951.04,-0.005827149,0.001651581,0.00628547,25.8,
965,1951.05,0.001225488,0.001855938,-0.011450562,25.9,
966,1951.06,0.010866944,0.001855938,0.023665893,25.9,
967,1951.07,0.011713263,0.001855938,0.049652949,25.9,
968,1951.08,-0.010315397,0.001855938,0.031357689,25.9,
969,1951.09,-0.000572804,0.001855938,0.00028393,26.1,
970,1951.1,-0.001414704,0.001855938,-0.022533783,26.2,
971,1951.11,0.004724885,0.001855938,0.036131917,26.4,
972,1951.12,0.007335043,0.002059836,0.038338317,26.5,
973,1952.01,-0.002336383,0.001978332,-0.013320484,26.5,
974,1952.02,0.002072565,0.001962022,0.007497088,26.3,
975,1952.03,0.011733982,0.001962022,0.002029959,26.3,
976,1952.04,0.00550203,0.001962022,0.004598427,26.4,
977,1952.05,-0.001564419,0.001962022,0.032448378,26.4,
978,1952.06,-0.003272397,0.001962022,0.033668307,26.5,
979,1952.07,-0.005815024,0.001962022,0.008805157,26.7,
980,1952.08,-0.007432541,0.002165684,-0.011086841,26.7,
981,1952.09,0.014419821,0.002165684,-0.016108421,26.7,
982,1952.1,0.002954354,0.002165684,0.036674464,26.7,
983,1952.11,0.000327207,0.002165684,0.045090325,26.7,
984,1952.12,-0.007458438,0.002165684,0.009888633,26.7,
985,1953.01,-0.003875024,0.002165684,-0.007734912,26.6,
986,1953.02,-0.002937073,0.002165684,0.009570766,26.5,
987,1953.03,-0.003729336,0.002165684,-0.044728742,26.6,
988,1953.04,-0.016360958,0.00246627,0.010027418,26.6,
989,1953.05,-0.002560933,0.002668809,-0.031076657,26.7,
990,1953.06,0.017969743,0.002668809,0.019137091,26.8,
991,1953.07,0.000718052,0.002668809,0.00898861,26.8,
992,1953.08,0.009305585,0.002668809,-0.041068744,26.9,
993,1953.09,0.020577726,0.002668809,0.035166882,26.9,
994,1953.1,0.00047284,0.002668809,0.027082464,27,
995,1953.11,0.010048004,0.002668809,0.018367347,26.9,
996,1953.12,0.011765265,0.002668809,0.030238958,26.9,
997,1954.01,0.002930908,0.002668809,0.026763125,26.9,
998,1954.02,0.010839632,0.002668809,0.025824142,26.9,
999,1954.03,0.009026725,0.00246627,0.044505081,26.9,
1000,1954.04,-0.005134133,0.00246627,0.044225268,26.8,
1001,1954.05,0.001086575,0.00246627,0.01223074,26.9,
1002,1954.06,0.009031473,0.00246627,0.044572974,26.9,
1003,1954.07,-0.003370139,0.00246627,0.023942554,26.9,0.008
1004,1954.08,0.000199579,0.00246627,0.027398118,26.9,0.0122
1005,1954.09,-0.002409281,0.00246627,0.027106518,26.8,0.0107
1006,1954.1,-0.002357202,0.00246627,0.043021882,26.8,0.0085
1007,1954.11,-0.000563261,0.00246627,0.049533169,26.8,0.0083
1008,1954.12,-0.006607293,0.00246627,0.021685254,26.7,0.0128
1009,1955.01,-0.001305135,0.00246627,0.037047449,26.7,0.0139
1010,1955.02,0.000463745,0.00246627,-0.004364116,26.7,0.0129
1011,1955.03,-0.004690026,0.00246627,0.038082192,26.7,0.0135
1012,1955.04,0.001416226,0.00246627,-0.000787142,26.7,0.0143
1013,1955.05,0.000563738,0.00246627,0.061450953,26.7,0.0143
1014,1955.06,-0.00797481,0.00246627,0.07644126,26.7,0.0164
1015,1955.07,-0.003572898,0.002490598,-0.002993148,26.8,0.0168
1016,1955.08,0.002459823,0.001651581,0.04816429,26.8,0.0196
1017,1955.09,0.010176044,0.001651581,-0.047248534,26.9,0.0218
1018,1955.1,0.001528789,0.001855938,0.070661502,26.9,0.0224
1019,1955.11,-0.003584057,0.001855938,0.012371765,26.9,0.0235
1020,1955.12,0.007590696,0.001855938,-0.023877746,26.8,0.0248
1021,1956.01,0.007556439,0.001855938,0.009494149,26.8,0.0245
1022,1956.02,-0.007895234,0.001855938,0.07206092,26.8,0.025
1023,1956.03,-0.016135675,0.001855938,0.014827683,26.8,0.025
1024,1956.04,0.011976296,0.002059836,-0.02838479,26.9,0.0262
1025,1956.05,0.00850847,0.002059836,-0.002620201,27,0.0275
1026,1956.06,-0.006840904,0.002059836,0.057488654,27.2,0.0271
1027,1956.07,-0.015877132,0.002059836,-0.002847256,27.4,0.0275
1028,1956.08,-0.001427582,0.00226328,-0.030888379,27.3,0.0273
1029,1956.09,0.006150363,0.00226328,-0.009536009,27.4,0.0295
1030,1956.1,-0.009719678,0.00226328,-0.007124658,27.5,0.0296
1031,1956.11,-0.005395022,0.00226328,0.018089543,27.5,0.0288
1032,1956.12,0.013804646,0.00226328,-0.018626184,27.6,0.0294
1033,1957.01,0.012922767,0.00226328,-0.039957682,27.6,0.0284
1034,1957.02,-0.003084256,0.00226328,0.016205295,27.7,0.03
1035,1957.03,-0.003006934,0.00226328,0.026440306,27.8,0.0296
1036,1957.04,-0.007054921,0.00226328,0.041601924,27.9,0.03
1037,1957.05,-0.013420322,0.00226328,0.019541827,28,0.03
1038,1957.06,-0.007450558,0.00226328,0.023221171,28.1,0.03
1039,1957.07,0.003248504,0.00226328,-0.052051123,28.3,0.0299
1040,1957.08,0.0040637,0.002668809,-0.037394561,28.3,0.0324
1041,1957.09,-0.000825917,0.002668809,-0.058966197,28.3,0.0347
1042,1957.1,0.023858124,0.002668809,-0.018004365,28.3,0.035
1043,1957.11,0.046102635,0.002668809,0.003180504,28.4,0.0328
1044,1957.12,0.01284045,0.002668809,0.023287049,28.4,0.0298
1045,1958.01,0.005959597,0.00226328,0.007018746,28.6,0.0272
1046,1958.02,0.008497851,0.00226328,0.024189429,28.6,0.0167
1047,1958.03,0.011041635,0.00226328,0.008964616,28.8,0.012
1048,1958.04,-0.001036982,0.001855938,0.035578393,28.9,0.0126
1049,1958.05,-0.001849263,0.001855938,0.027351888,28.9,0.0063
1050,1958.06,-0.016953397,0.001855938,0.030707635,28.9,0.0093
1051,1958.07,-0.025579184,0.001855938,0.04054299,29,0.0068
1052,1958.08,-0.015144125,0.001855938,0.029437456,28.9,0.0153
1053,1958.09,-0.000170557,0.00226328,0.043590005,28.9,0.0176
1054,1958.1,0.00807555,0.00226328,0.033262463,28.9,0.018
1055,1958.11,-0.006717878,0.00226328,0.021624333,29,0.0227
1056,1958.12,-0.009789666,0.00226328,0.042546894,28.9,0.0242
1057,1959.01,0.008204098,0.00226328,-0.012650321,29,0.0248
1058,1959.02,0.000835702,0.00226328,0.028061789,28.9,0.0243
1059,1959.03,-0.007198891,0.00226328,0.019364316,28.9,0.028
1060,1959.04,-0.011798637,0.00226328,0.017654218,29,0.0296
1061,1959.05,0.001162796,0.002668809,-0.006062615,29,0.029
1062,1959.06,-0.00119604,0.002668809,0.042275786,29.1,0.0339
1063,1959.07,0.001246683,0.002668809,-0.003185094,29.2,0.0347
1064,1959.08,-0.015998139,0.002668809,-0.037032365,29.2,0.035
1065,1959.09,0.015740226,0.003072542,0.001767455,29.3,0.0376
1066,1959.1,0.003739859,0.003072542,0.006691038,29.4,0.0398
1067,1959.11,-0.008834192,0.003072542,0.03463121,29.4,0.04
1068,1959.12,0.001516376,0.003072542,-0.014857772,29.4,0.0399
1069,1960.01,0.022142265,0.003072542,-0.036092438,29.3,0.0399
1070,1960.02,0.022965843,0.003072542,-0.010781448,29.4,0.0397
1071,1960.03,0.00110682,0.003072542,0.015842724,29.4,0.0384
1072,1960.04,-0.002055156,0.003072542,-0.006245394,29.5,0.0392
1073,1960.05,0.019718171,0.003072542,0.039880886,29.5,0.0385
1074,1960.06,0.023828376,0.003072542,-0.021961229,29.6,0.0332
1075,1960.07,0.011422988,0.003072542,0.014908668,29.6,0.0323
1076,1960.08,0.003141884,0.002668809,-0.027207574,29.6,0.0298
1077,1960.09,-0.004205433,0.002668809,-0.016739646,29.6,0.026
1078,1960.1,-4.35E-05,0.002668809,0.035408524,29.8,0.0247
1079,1960.11,0.010613507,0.002668809,0.026906436,29.8,0.0244
1080,1960.12,0.003174696,0.002668809,0.054269366,29.8,0.0198
1081,1961.01,0.008098876,0.002668809,0.043741167,29.8,0.0145
1082,1961.02,0.006414586,0.002668809,0.033970471,29.8,0.0254
1083,1961.03,-0.000190123,0.002668809,0.02919006,29.8,0.0202
1084,1961.04,0.008889742,0.002668809,0.012633551,29.8,0.0149
1085,1961.05,-0.010816868,0.002668809,-0.010802005,29.8,0.0198
1086,1961.06,-5.33E-05,0.002668809,-0.000279386,29.8,0.0173
1087,1961.07,-0.006485968,0.002668809,0.038389708,30,0.0117
1088,1961.08,0.008215815,0.002668809,-0.00541706,29.9,0.02
1089,1961.09,0.008180679,0.002668809,0.013430469,30,0.0188
1090,1961.1,0.001611475,0.002668809,0.047720588,30,0.0226
1091,1961.11,-0.006460271,0.002668809,0.011630088,30,0.0261
1092,1961.12,0.000122255,0.002668809,-0.034871294,30,0.0233
1093,1962.01,0.011508635,0.002668809,0.019094964,30,0.0215
1094,1962.02,0.014751575,0.002668809,0.003409914,30.1,0.0237
1095,1962.03,0.0031911,0.002668809,-0.029449424,30.1,0.0285
1096,1962.04,-7.28E-05,0.002668809,-0.071850759,30.2,0.0278
1097,1962.05,-0.004896854,0.002668809,-0.114127467,30.2,0.0236
1098,1962.06,6.38E-05,0.002668809,0.027173587,30.2,0.0268
1099,1962.07,0.009847764,0.002668809,0.030230341,30.3,0.0271
1100,1962.08,0.00490193,0.002668809,-0.005933399,30.3,0.0293
1101,1962.09,0.004887096,0.002668809,-0.028563218,30.4,0.029
1102,1962.1,0.003240304,0.002668809,0.07200859,30.4,0.029
1103,1962.11,0.008965887,0.002668809,0.046237689,30.4,0.0294
1104,1962.12,0.001548591,0.002668809,0.041467114,30.4,0.0293
1105,1963.01,-0.002501594,0.002668809,0.015955362,30.4,0.0292
1106,1963.02,0.002442678,0.002668809,-0.001082967,30.4,0.03
1107,1963.03,0.003264901,0.002668809,0.049781737,30.5,0.0298
1108,1963.04,0.002451267,0.002668809,0.022695693,30.5,0.029
1109,1963.05,2.48E-05,0.002668809,0.002166298,30.5,0.03
1110,1963.06,0.00330589,0.002668809,-0.012218894,30.6,0.0299
1111,1963.07,0.00168329,0.002668809,0.030311435,30.7,0.0302
1112,1963.08,-0.000724526,0.002668809,0.028936167,30.7,0.0349
1113,1963.09,-0.003086939,0.002668809,0.004998856,30.7,0.0348
1114,1963.1,0.009091647,0.002668809,-0.003065715,30.8,0.035
1115,1963.11,-0.001468506,0.002668809,0.02393357,30.8,0.0348
1116,1963.12,0.002614339,0.002668809,0.033301874,30.9,0.0338
1117,1964.01,0.001013439,0.002668809,0.014799073,30.9,0.0348
1118,1964.02,-0.000562648,0.002668809,0.020710395,30.9,0.0348
1119,1964.03,0.004297921,0.002668809,0.016931049,30.9,0.0343
1120,1964.04,0.005900362,0.002668809,0.012203601,30.9,0.0347
1121,1964.05,0.00668668,0.002668809,-0.003506638,30.9,0.035
1122,1964.06,0.000209852,0.002668809,0.039610336,31,0.035
1123,1964.07,0.001853627,0.002668809,-0.012256669,31.1,0.0342
1124,1964.08,0.005893323,0.002668809,0.019654472,31,0.035
1125,1964.09,0.005065165,0.002668809,0.019701874,31.1,0.0345
1126,1964.1,0.000219578,0.002668809,0.009369476,31.1,0.0336
1127,1964.11,0.00266579,0.002668809,-0.014903246,31.2,0.0352
1128,1964.12,0.005087432,0.002668809,0.028207877,31.2,0.0385
1129,1965.01,0.001050805,0.002668809,0.00975061,31.2,0.039
1130,1965.02,0.005094854,0.002668809,0.003355744,31.2,0.0398
1131,1965.03,0.00266579,0.002668809,0.015576414,31.3,0.0405
1132,1965.04,0.00187154,0.002668809,0.017325982,31.4,0.0409
1133,1965.05,0.0059074,0.002668809,-0.045073551,31.4,0.041
1134,1965.06,0.001862584,0.002668809,0.001028928,31.6,0.0405
1135,1965.07,-0.000522245,0.002668809,0.021185834,31.6,0.0409
1136,1965.08,-0.002861975,0.002668809,0.035961123,31.6,0.0412
1137,1965.09,-0.001185586,0.002668809,0.0249683,31.6,0.0402
1138,1965.1,-0.001914366,0.002668809,0.010759748,31.7,0.0408
1139,1965.11,-0.009686212,0.002668809,-0.002116115,31.7,0.041
1140,1965.12,0.000694465,0.003072542,0.019804499,31.8,0.0432
1141,1966.01,-0.02166399,0.003072542,-0.004304186,31.8,0.0442
1142,1966.02,0.028479737,0.003072542,-0.038623368,32,0.046
1143,1966.03,-0.002370447,0.003474495,0.033209571,32.1,0.0466
1144,1966.04,0.003170589,0.003474495,-0.05007581,32.3,0.0467
1145,1966.05,-0.009224557,0.003474495,-0.00559525,32.3,0.049
1146,1966.06,-0.002082144,0.003674809,0.00018398,32.4,0.0517
1147,1966.07,-0.019444741,0.003674809,-0.057694548,32.5,0.053
1148,1966.08,0.030726421,0.003874685,-0.032248398,32.7,0.0553
1149,1966.09,0.008018241,0.003874685,-0.00564409,32.7,0.054
1150,1966.1,-0.007453106,0.003874685,0.053160605,32.9,0.0553
1151,1966.11,0.042033647,0.003874685,0.007157952,32.9,0.0576
1152,1966.12,0.013336477,0.003874685,0.041302922,32.9,0.054
1153,1967.01,-0.011963649,0.003674809,0.037300178,32.9,0.0494
1154,1967.02,0.021340645,0.003674809,0.026337378,32.9,0.05
1155,1967.03,-0.018196075,0.003474495,0.0199247,33,0.0453
1156,1967.04,0.001599887,0.003474495,0.02057681,33.1,0.0405
1157,1967.05,-0.027460885,0.003474495,-0.009918278,33.2,0.0394
1158,1967.06,0.008915839,0.003474495,0.019924168,33.3,0.0398
1159,1967.07,-0.004158271,0.003474495,0.01851653,33.4,0.0379
1160,1967.08,0.001290715,0.003474495,0.016539078,33.5,0.039
1161,1967.09,-0.020431641,0.003474495,0.00097415,33.6,0.0399
1162,1967.1,-0.002837412,0.003474495,-0.028817339,33.7,0.0388
1163,1967.11,0.007725904,0.003874685,0.031117347,33.8,0.0413
1164,1967.12,0.016778829,0.003874685,-0.000174886,33.9,0.0451
1165,1968.01,0.003055138,0.003874685,-0.042569795,34.1,0.0461
1166,1968.02,-0.01037185,0.003874685,-0.015592287,34.2,0.0471
1167,1968.03,0.006240021,0.003874685,0.076617278,34.3,0.0505
1168,1968.04,-0.004203117,0.004273128,0.025576922,34.4,0.0576
1169,1968.05,0.021363941,0.004273128,0.029406926,34.5,0.0612
1170,1968.06,0.023659298,0.004273128,0.000489221,34.7,0.0607
1171,1968.07,0.002163605,0.004273128,-0.019339207,34.9,0.0603
1172,1968.08,-0.000832615,0.004273128,0.035076844,35,0.0603
1173,1968.09,-0.004510293,0.004074124,0.027171767,35.1,0.0578
1174,1968.1,-0.008076564,0.004074124,0.017857522,35.3,0.0591
1175,1968.11,-0.023132809,0.004074124,0.012853155,35.4,0.0582
1176,1968.12,0.002869631,0.004471699,-0.03985133,35.5,0.0602
1177,1969.01,-2.17E-05,0.004669839,-0.002385621,35.6,0.063
1178,1969.02,0.002232537,0.004669839,-0.019137931,35.8,0.0661
1179,1969.03,0.012509191,0.005064835,0.022742531,36.1,0.0679
1180,1969.04,-0.020846501,0.005064835,0.035134913,36.3,0.0741
1181,1969.05,-0.006765817,0.005064835,-0.049713193,36.4,0.0867
1182,1969.06,0.010553916,0.005849741,-0.042053325,36.6,0.089
1183,1969.07,-0.006629981,0.005849741,-0.00283614,36.8,0.0861
1184,1969.08,-0.041354385,0.005849741,0.006285243,37,0.0919
1185,1969.09,0.046548537,0.005849741,0.013464184,37.1,0.0915
1186,1969.1,-0.018710699,0.005849741,0.009974639,37.3,0.09
1187,1969.11,-0.034104351,0.005849741,-0.050274859,37.5,0.0885
1188,1969.12,0.01534554,0.005849741,-0.005890316,37.7,0.0897
1189,1970.01,0.066689929,0.005849741,-0.031960903,37.8,0.0898
1190,1970.02,-0.007004289,0.005849741,0.020122638,38,0.0898
1191,1970.03,-0.044599421,0.00545813,-0.027476969,38.2,0.0776
1192,1970.04,-0.002393138,0.00545813,-0.111990178,38.5,0.081
1193,1970.05,0.025026822,0.00545813,-0.002698889,38.6,0.0795
1194,1970.06,0.02714117,0.00545813,0.005225559,38.8,0.0761
1195,1970.07,-0.00154689,0.00545813,0.032557812,39,0.0721
1196,1970.08,0.020096419,0.00545813,0.063212986,39,0.0662
1197,1970.09,0.003199733,0.005064835,0.024895051,39.2,0.0629
1198,1970.1,0.066755847,0.005064835,0.002067609,39.4,0.062
1199,1970.11,0.004613887,0.004669839,0.071583482,39.6,0.056
1200,1970.12,0.035536323,0.004471699,0.041106793,39.8,0.049
1201,1971.01,0.001338336,0.003874685,0.041510679,39.8,0.0414
1202,1971.02,0.051145507,0.003674809,0.028318402,39.9,0.0372
1203,1971.03,-0.035962464,0.00327374,0.036738621,40,0.0371
1204,1971.04,-0.016796913,0.003378188,-0.011078746,40.1,0.0416
1205,1971.05,-0.017671589,0.003474495,-0.015958555,40.3,0.0463
1206,1971.06,-0.005163874,0.003474495,-0.00462963,40.6,0.0491
1207,1971.07,0.047239535,0.003874685,-0.015171153,40.7,0.0531
1208,1971.08,0.025869951,0.003874685,0.024864022,40.8,0.0557
1209,1971.09,0.014608645,0.003874685,-0.018636821,40.8,0.0555
1210,1971.1,0.000382122,0.003674809,-0.043715241,40.9,0.052
1211,1971.11,0.00785435,0.003474495,0.071636012,40.9,0.0491
1212,1971.12,-0.009878235,0.00327374,0.044225404,41.1,0.0414
1213,1972.01,0.008702098,0.002870899,0.020869635,41.1,0.0351
1214,1972.02,-0.000911751,0.002870899,0.026196134,41.3,0.033
1215,1972.03,0.003566785,0.002870899,0.012588982,41.4,0.0383
1216,1972.04,0.011691945,0.003072542,-0.007758885,41.5,0.0417
1217,1972.05,-0.002364258,0.003072542,0.005160941,41.6,0.0427
1218,1972.06,0.007266634,0.00327374,-0.00503858,41.7,0.0446
1219,1972.07,-0.016724779,0.00327374,0.037836855,41.9,0.0455
1220,1972.08,-0.0033773,0.003474495,-0.012104602,42,0.0481
1221,1972.09,0.014811317,0.003474495,0.004174284,42.1,0.0487
1222,1972.1,0.014761834,0.003674809,0.05254207,42.3,0.0505
1223,1972.11,-0.004267918,0.003674809,0.023115168,42.4,0.0506
1224,1972.12,-0.004106841,0.003874685,0.009893617,42.5,0.0533
1225,1973.01,-0.001804468,0.003874685,-0.033251218,42.6,0.0594
1226,1973.02,-0.000978948,0.004074124,-0.013453495,42.9,0.0658
1227,1973.03,0.007679947,0.004273128,-0.016333037,43.3,0.0709
1228,1973.04,-0.010796149,0.004471699,-0.02569759,43.6,0.0712
1229,1973.05,0.004984831,0.004867551,-0.019897909,43.9,0.0784
1230,1973.06,-0.028262927,0.005261694,0.012102417,44.2,0.0849
1231,1973.07,0.018675356,0.006044919,-0.01635423,44.3,0.104
1232,1973.08,0.030795291,0.006821493,0.019952898,45.1,0.105
1233,1973.09,0.019271174,0.007014612,0.04235322,45.2,0.1078
1234,1973.1,0.006948157,0.006821493,-0.068528635,45.6,0.1001
1235,1973.11,-0.009406703,0.006821493,-0.068052835,45.9,0.1003
1236,1973.12,-0.001397023,0.006821493,0.017004291,46.2,0.0995
1237,1974.01,0.005043748,0.006627967,-0.02472861,46.6,0.0965
1238,1974.02,-0.021992626,0.006044919,0.045746388,47.2,0.0897
1239,1974.03,-0.011071111,0.00643403,-0.048166393,47.8,0.0935
1240,1974.04,0.015949299,0.00739963,-0.027056745,48,0.1051
1241,1974.05,-0.002070019,0.008164846,0.004572321,48.6,0.1131
1242,1974.06,-0.010711925,0.008355156,-0.113468463,49,0.1193
1243,1974.07,-0.008328804,0.008545071,-0.037647627,49.4,0.1292
1244,1974.08,0.018167724,0.008545071,-0.100135911,50,0.1201
1245,1974.09,0.016742655,0.008545071,0.023769329,50.6,0.1134
1246,1974.1,0.016689701,0.00797414,0.037434392,51.1,0.1006
1247,1974.11,0.022925754,0.00739963,-0.060918281,51.5,0.0945
1248,1974.12,-0.002897385,0.00739963,0.086327717,51.9,0.0853
1249,1975.01,0.011024415,0.006627967,0.108075305,52.1,0.0713
1250,1975.02,-0.031035889,0.005849741,0.049736444,52.5,0.0624
1251,1975.03,-0.013437363,0.005064835,0.014870295,52.7,0.0554
1252,1975.04,0.025025648,0.005064835,0.067126348,52.9,0.0549
1253,1975.05,0.012007242,0.004867551,0.028946236,53.2,0.0522
1254,1975.06,-0.009554108,0.004669839,0.004319986,53.6,0.0555
1255,1975.07,0.005380601,0.005064835,-0.069962518,54.2,0.061
1256,1975.08,-0.010472994,0.005261694,-0.008526815,54.3,0.0614
1257,1975.09,0.045625029,0.00545813,0.04971261,54.6,0.0624
1258,1975.1,-0.008964984,0.005261694,0.020416996,54.9,0.0582
1259,1975.11,0.03262882,0.005064835,-0.011796381,55.3,0.0522
1260,1975.12,0.00363699,0.004867551,0.095452837,55.5,0.052
1261,1976.01,0.008445198,0.004471699,0.041781377,55.6,0.0487
1262,1976.02,0.013919943,0.004471699,0.008024081,55.8,0.0477
1263,1976.03,0.005597972,0.004471699,0.0109545,55.9,0.0484
1264,1976.04,-0.013343813,0.004471699,-0.003832736,56.1,0.0482
1265,1976.05,0.013326797,0.004471699,0.009005822,56.5,0.0529
1266,1976.06,0.00644525,0.004867551,0.026653569,56.8,0.0548
1267,1976.07,0.020167706,0.004867551,-0.005606206,57.1,0.0531
1268,1976.08,0.013868007,0.004669839,0.024378832,57.4,0.0529
1269,1976.09,0.015210025,0.004669839,-0.031082148,57.6,0.0525
1270,1976.1,0.035048077,0.004471699,-0.003666446,57.9,0.0502
1271,1976.11,0.020011697,0.004273128,0.037865061,58,0.0495
1272,1976.12,-0.035354295,0.004074124,-0.005372493,58.2,0.0465
1273,1977.01,0.002610985,0.004074124,-0.023686039,58.5,0.0461
1274,1977.02,0.008194514,0.004074124,-0.000541807,59.1,0.0468
1275,1977.03,0.004012236,0.004074124,-0.011936713,59.5,0.0469
1276,1977.04,0.01097704,0.004074124,0.000645019,60,0.0473
1277,1977.05,0.018663064,0.004471699,0.00899768,60.3,0.0535
1278,1977.06,-0.009344263,0.004471699,0.012824386,60.7,0.0539
1279,1977.07,0.01585919,0.004471699,-0.020786203,61,0.0542
1280,1977.08,-0.003042404,0.004669839,-0.011753342,61.2,0.059
1281,1977.09,-0.008352209,0.004867551,-0.021978593,61.4,0.0614
1282,1977.1,0.011077796,0.005261694,0.00981142,61.6,0.0647
1283,1977.11,-0.009502238,0.005261694,-0.000801398,61.9,0.0651
1284,1977.12,-0.004462366,0.005261694,-0.033903574,62.1,0.0656
1285,1978.01,-0.000237393,0.00545813,-0.009719917,62.5,0.067
1286,1978.02,-0.000795736,0.00545813,0.002656655,62.9,0.0678
1287,1978.03,0.000659644,0.00545813,0.048299932,63.4,0.0679
1288,1978.04,-0.005193112,0.00545813,0.055043208,63.9,0.0689
1289,1978.05,-0.006260473,0.005849741,0.006735559,64.5,0.0736
1290,1978.06,0.011015084,0.006239681,-0.000622909,65.2,0.076
1291,1978.07,0.018305386,0.006239681,0.073281433,65.7,0.0781
1292,1978.08,-0.004340221,0.00643403,0.003996896,66,0.0804
1293,1978.09,-0.018921083,0.006821493,-0.027735002,66.5,0.0845
1294,1978.1,0.013841671,0.007207323,-0.054376516,67.1,0.0896
1295,1978.11,-0.011396179,0.008164846,0.019228285,67.4,0.0976
1296,1978.12,0.020454577,0.008355156,0.041853085,67.7,0.1003
1297,1979.01,-0.006810804,0.008355156,-0.010569543,68.3,0.1007
1298,1979.02,0.011364258,0.008355156,0.023411611,69.1,0.1006
1299,1979.03,-0.007848933,0.008355156,0.024309024,69.8,0.1009
1300,1979.04,0.026363315,0.008355156,-0.01893024,70.6,0.1001
1301,1979.05,0.023723247,0.008355156,0.024176385,71.5,0.1024
1302,1979.06,-0.005726988,0.008164846,0.014208456,72.3,0.1029
1303,1979.07,-0.007360821,0.008355156,0.050143354,73.1,0.1047
1304,1979.08,-0.005145682,0.008734594,0.015404508,73.8,0.1094
1305,1979.09,-0.069314918,0.009676378,-0.033525169,74.6,0.1143
1306,1979.1,0.029493796,0.010793911,-0.003224346,75.2,0.1377
1307,1979.11,0.011527035,0.011163421,0.044039963,75.9,0.1318
1308,1979.12,-0.038908915,0.010978852,0.033124613,76.7,0.1378
1309,1980.01,-0.079165146,0.010978852,0.043958521,77.8,0.1382
1310,1980.02,0.014783236,0.012080752,-0.08777826,78.9,0.1413
1311,1980.03,0.123227836,0.014067262,-0.011620503,80.1,0.1719
1312,1980.04,0.04007231,0.014067262,0.050361383,81,0.1761
1313,1980.05,0.01825049,0.010050402,0.068626842,81.8,0.1098
1314,1980.06,-0.03201807,0.008545071,0.04969459,82.7,0.0947
1315,1980.07,-0.037178054,0.007783037,0.035046835,82.7,0.0903
1316,1980.08,-0.00840472,0.008164846,0.028358077,83.3,0.0961
1317,1980.09,-0.023994699,0.009300824,0.033247694,84,0.1087
1318,1980.1,-0.004304804,0.010422909,0.046146953,84.8,0.1281
1319,1980.11,0.026609891,0.012808087,-0.012447802,85.5,0.1585
1320,1980.12,-0.003795688,0.015485571,9.99E-05,86.3,0.189
1321,1981.01,-0.030174592,0.014423889,-0.030701754,87,0.1908
1322,1981.02,0.027271787,0.013709251,0.041433022,87.9,0.1593
1323,1981.03,-0.04085327,0.012626791,0.012937938,88.5,0.147
1324,1981.04,0.044255931,0.012989027,-0.0161727,89.1,0.1572
1325,1981.05,-0.008158772,0.014779143,0.008575886,89.8,0.1852
1326,1981.06,-0.030439817,0.014423889,-0.020162509,90.6,0.191
1327,1981.07,-0.025153177,0.014779143,0.008025645,91.6,0.1904
1328,1981.08,-0.008722392,0.014779143,-0.083026833,92.3,0.1782
1329,1981.09,0.075130357,0.014067262,0.017272471,93.2,0.1587
1330,1981.1,0.093743566,0.012989027,0.030437305,93.4,0.1508
1331,1981.11,-0.034245347,0.011531452,0.011793687,93.7,0.1331
1332,1981.12,0.002924685,0.011347621,-0.048041195,94,0.1237
1333,1982.01,0.017249946,0.011347621,-0.01913896,94.3,0.1322
1334,1982.02,0.003501158,0.011898016,-0.027445415,94.6,0.1478
1335,1982.03,0.027927316,0.011898016,0.054693141,94.5,0.1468
1336,1982.04,0.019778529,0.011898016,0.005696475,94.9,0.1494
1337,1982.05,-0.026773432,0.011898016,-0.052706186,95.8,0.1445
1338,1982.06,0.052302807,0.011898016,0.002438469,97,0.1415
1339,1982.07,0.059197396,0.011163421,0.00793977,97.5,0.1259
1340,1982.08,0.072764158,0.009676378,0.120963742,97.7,0.1012
1341,1982.09,0.070957724,0.009676378,0.088813998,97.9,0.1031
1342,1982.1,0.003931473,0.008545071,0.044999165,98.2,0.0971
1343,1982.11,0.035065246,0.008164846,0.01355499,98,0.092
1344,1982.12,-0.017939812,0.008164846,0.039257532,97.6,0.0895
1345,1983.01,0.041304481,0.007783037,0.021300144,97.8,0.0868
1346,1983.02,-0.012770523,0.00739963,0.038656148,97.9,0.0851
1347,1983.03,0.030122842,0.00739963,0.041973886,97.9,0.0877
1348,1983.04,-0.02399655,0.00739963,0.044240118,98.6,0.088
1349,1983.05,-0.00012635,0.00739963,0.01753504,99.2,0.0863
1350,1983.06,-0.037205105,0.00739963,0.00708133,99.5,0.0898
1351,1983.07,-0.003007271,0.00739963,-0.024071856,99.9,0.0937
1352,1983.08,0.041294058,0.007783037,0.033138342,100.2,0.0956
1353,1983.09,-0.008001738,0.007783037,0.006479266,100.7,0.0945
1354,1983.1,0.01592978,0.007783037,-0.011414232,101,0.0948
1355,1983.11,-0.001466181,0.007783037,-0.001281275,101.2,0.0934
1356,1983.12,0.018298323,0.007783037,0.015759327,101.3,0.0947
1357,1984.01,-0.011601812,0.007783037,-0.051121795,101.9,0.0956
1358,1984.02,-0.017607527,0.007783037,0.004423607,102.4,0.0959
1359,1984.03,-0.005850488,0.008164846,0.005072003,102.6,0.0991
1360,1984.04,-0.047323453,0.008545071,-0.002525735,103.1,0.1029
1361,1984.05,0.01498711,0.008923726,-0.018483041,103.4,0.1032
1362,1984.06,0.062438477,0.009300824,-0.009084476,103.7,0.1106
1363,1984.07,0.017120787,0.009300824,0.092065591,104.1,0.1123
1364,1984.08,0.028320827,0.009300824,0.014069683,104.5,0.1164
1365,1984.09,0.049301632,0.009112468,-0.004124022,105,0.113
1366,1984.1,0.021792029,0.008545071,0.012859021,105.3,0.0999
1367,1984.11,0.011170086,0.00797414,-0.007075566,105.3,0.0943
1368,1984.12,0.031850439,0.007591534,0.046975684,105.3,0.0838
1369,1985.01,-0.033319466,0.00739963,0.057873606,105.5,0.0835
1370,1985.02,0.024749221,0.00739963,-0.004783181,106,0.085
1371,1985.03,0.023520555,0.00739963,0.01024712,106.4,0.0858
1372,1985.04,0.078555584,0.00739963,0.027356345,106.9,0.0827
1373,1985.05,0.010229928,0.007014612,0.025109667,107.3,0.0797
1374,1985.06,-0.011013773,0.006627967,0.022472208,107.6,0.0753
1375,1985.07,0.026396174,0.006627967,-0.018453104,107.8,0.0788
1376,1985.08,0.006552206,0.006627967,-0.018849942,108,0.079
1377,1985.09,0.027010953,0.006627967,0.01495564,108.3,0.0792
1378,1985.1,0.034676808,0.006627967,0.064205156,108.7,0.0799
1379,1985.11,0.046019084,0.006627967,0.052945148,109,0.0805
1380,1985.12,0.002203679,0.006627967,0.007517286,109.3,0.0827
1381,1986.01,0.071274762,0.006627967,0.056972462,109.6,0.0814
1382,1986.02,0.058049029,0.006627967,0.061827712,109.3,0.0786
1383,1986.03,0.00676031,0.006239681,0.027414263,108.8,0.0748
1384,1986.04,-0.039128204,0.005849741,0.004918302,108.6,0.0699
1385,1986.05,0.055293547,0.005849741,0.0313324,108.9,0.0685
1386,1986.06,0.006729206,0.005849741,-0.018039136,109.5,0.0692
1387,1986.07,0.033645124,0.00545813,0.022808538,109.5,0.0656
1388,1986.08,-0.028917154,0.005064835,-0.024562357,109.7,0.0617
1389,1986.09,0.013769494,0.005064835,-0.000898727,110.2,0.0589
1390,1986.1,0.019360824,0.005064835,0.035329497,110.3,0.0585
1391,1986.11,0.000276547,0.005064835,0.017089395,110.4,0.0604
1392,1986.12,0.009440865,0.005064835,0.066733709,110.5,0.0691
1393,1987.01,0.00519513,0.005064835,0.064618778,111.2,0.0643
1394,1987.02,-0.016198331,0.005064835,0.043764092,111.6,0.061
1395,1987.03,-0.04071648,0.005064835,-0.008564103,112.1,0.0613
1396,1987.04,-0.011796721,0.005261694,0.00172831,112.7,0.0637
1397,1987.05,0.014265387,0.005654145,0.044984434,113.1,0.0685
1398,1987.06,-0.011523593,0.005654145,0.031220969,113.5,0.0673
1399,1987.07,-0.014913193,0.005654145,0.064540113,113.8,0.0658
1400,1987.08,-0.032324326,0.005654145,-0.030304258,114.4,0.0673
1401,1987.09,0.056657383,0.006044919,-0.118538856,115,0.0722
1402,1987.1,0.00014498,0.006239681,-0.123034142,115.3,0.0729
1403,1987.11,0.017785692,0.006044919,-0.013346939,115.4,0.0669
1404,1987.12,0.045317288,0.006044919,0.042465422,115.4,0.0677
1405,1988.01,0.013479601,0.006044919,0.033285652,115.7,0.0683
1406,1988.02,-0.02034335,0.005849741,0.03232059,116,0.0658
1407,1988.03,-0.012506035,0.005849741,-0.008860243,116.5,0.0658
1408,1988.04,-0.013914687,0.005849741,-0.02188267,117.1,0.0687
1409,1988.05,0.032307234,0.006239681,0.059981996,117.5,0.0709
1410,1988.06,-0.012096152,0.006239681,-0.003069203,118,0.0751
1411,1988.07,-0.00086373,0.006627967,-0.017184854,118.5,0.0775
1412,1988.08,0.03229395,0.007014612,0.019271688,119,0.0801
1413,1988.09,0.021712849,0.007014612,0.038016169,119.8,0.0819
1414,1988.1,-0.019382888,0.007014612,-0.020202475,120.2,0.083
1415,1988.11,0.002265137,0.00739963,0.023259533,120.3,0.0835
1416,1988.12,0.01588495,0.00739963,0.035120555,120.5,0.0876
1417,1989.01,-0.012417159,0.00739963,0.03299852,121.1,0.0912
1418,1989.02,0.008897789,0.008164846,-0.00161659,121.6,0.0936
1419,1989.03,0.025708797,0.008164846,0.035639449,122.3,0.0985
1420,1989.04,0.035033559,0.008164846,0.041153021,123.1,0.0984
1421,1989.05,0.040689283,0.008164846,0.033926224,123.8,0.0981
1422,1989.06,0.025714953,0.007783037,0.02798373,124.1,0.0953
1423,1989.07,-0.022989722,0.00739963,0.046907527,124.4,0.0924
1424,1989.08,0.00343383,0.00739963,0.004555371,124.6,0.0899
1425,1989.09,0.033261615,0.00739963,0.002848162,125,0.0902
1426,1989.1,0.011939152,0.00739963,-0.018135507,125.6,0.0884
1427,1989.11,0.000327201,0.00739963,0.027367063,125.9,0.0855
1428,1989.12,-0.026663525,0.00739963,-0.022114649,126.1,0.0845
1429,1990.01,0.001616649,0.007014612,-0.025271838,127.4,0.0823
1430,1990.02,-0.002228925,0.007014612,0.02707167,128,0.0824
1431,1990.03,-0.01811358,0.007014612,0.001959857,128.7,0.0828
1432,1990.04,0.036366512,0.007014612,0.03850925,128.9,0.0826
1433,1990.05,0.018317909,0.007014612,0.031699572,129.2,0.0818
1434,1990.06,0.011562093,0.007014612,0.001699548,129.9,0.0829
1435,1990.07,-0.025704593,0.007014612,-0.078612268,130.4,0.0815
1436,1990.08,0.009859396,0.007014612,-0.043410607,131.6,0.0813
1437,1990.09,0.018387602,0.007014612,-0.023155047,132.7,0.082
1438,1990.1,0.033143762,0.007014612,0.029838147,133.5,0.0811
1439,1990.11,0.018891513,0.007014612,0.045866055,133.8,0.0781
1440,1990.12,0.009997799,0.007014612,-0.006849176,133.8,0.0731
1441,1991.01,0.007257705,0.006627967,0.116067749,134.6,0.0691
1442,1991.02,0.004551054,0.006239681,0.030446203,134.8,0.0625
1443,1991.03,0.008624462,0.006239681,0.022590523,135,0.0612
1444,1991.04,0.003877815,0.006239681,-0.001788787,135.2,0.0591
1445,1991.05,-0.005432385,0.005849741,0.003470109,135.6,0.0578
1446,1991.06,0.009431698,0.005849741,0.007804859,136,0.059
1447,1991.07,0.032608519,0.005849741,0.026789334,136.2,0.0582
1448,1991.08,0.030630598,0.005849741,-0.003031009,136.6,0.0566
1449,1991.09,0.006130278,0.00545813,0.00181646,137.2,0.0545
1450,1991.1,0.012382616,0.00545813,0.000157952,137.4,0.0521
1451,1991.11,0.054023449,0.005064835,0.009351398,137.8,0.0481
1452,1991.12,-0.03629676,0.004273128,0.07358026,137.9,0.0443
1453,1992.01,0.008793392,0.004273128,-0.00600846,138.1,0.0403
1454,1992.02,-0.012655345,0.004273128,-0.01012378,138.6,0.0406
1455,1992.03,0.001373371,0.004273128,0.002643035,139.3,0.0398
1456,1992.04,0.025738593,0.004273128,0.020683505,139.5,0.0373
1457,1992.05,0.019358707,0.004273128,-0.013291226,139.7,0.0382
1458,1992.06,0.035917819,0.004273128,0.019121333,140.2,0.0376
1459,1992.07,0.012711371,0.003874685,0.009417199,140.5,0.0325
1460,1992.08,0.023617722,0.003874685,0.003781873,140.9,0.033
1461,1992.09,-0.025419303,0.003874685,-0.011822548,141.3,0.0322
1462,1992.1,-0.005034907,0.003874685,0.02756903,141.8,0.031
1463,1992.11,0.023615198,0.003874685,0.032711999,142,0.0309
1464,1992.12,0.028024276,0.003874685,0.001427019,141.9,0.0292
1465,1993.01,0.031838089,0.003874685,0.017242473,142.6,0.0302
1466,1993.02,0.004963012,0.003874685,0.021501528,143.1,0.0303
1467,1993.03,0.003487565,0.003874685,-0.013417452,143.6,0.0307
1468,1993.04,-0.003094917,0.003874685,0.007247243,144,0.0296
1469,1993.05,0.031933763,0.003874685,0.008651825,144.2,0.03
1470,1993.06,0.002540297,0.003874685,0.000610037,144.4,0.0304
1471,1993.07,0.033620666,0.003874685,0.017624658,144.4,0.0306
1472,1993.08,0.008291877,0.003874685,0.013549718,144.8,0.0303
1473,1993.09,0.002172814,0.003874685,0.012419069,145.1,0.0309
1474,1993.1,-0.025333745,0.003874685,7.54E-05,145.7,0.0299
1475,1993.11,0.004800355,0.003874685,0.008871798,145.8,0.0302
1476,1993.12,0.014546434,0.003874685,0.017358801,145.8,0.0296
1477,1994.01,-0.028351064,0.003874685,-0.00075701,146.2,0.0305
1478,1994.02,-0.039204448,0.003874685,-0.014238182,146.7,0.0325
1479,1994.03,-0.01487271,0.004074124,-0.033463775,147.2,0.0334
1480,1994.04,-0.001915057,0.004471699,0.010582418,147.4,0.0356
1481,1994.05,-0.005943311,0.004867551,0.011080931,147.5,0.0401
1482,1994.06,0.021487216,0.004867551,-0.005188752,148,0.0425
1483,1994.07,0.000942871,0.004867551,0.03082078,148.4,0.0426
1484,1994.08,-0.023651312,0.005261694,0.008174651,149,0.0447
1485,1994.09,-0.006698598,0.005261694,-0.004438282,149.4,0.0473
1486,1994.1,-0.000380972,0.005261694,-0.003698839,149.5,0.0476
1487,1994.11,0.011250396,0.005849741,-0.010257062,149.7,0.0529
1488,1994.12,0.022939896,0.005849741,0.024513573,149.7,0.0545
1489,1995.01,0.032823369,0.005849741,0.038190937,150.3,0.0553
1490,1995.02,0.007328723,0.006239681,0.025581701,150.9,0.0592
1491,1995.03,0.015069064,0.006239681,0.032157221,151.4,0.0598
1492,1995.04,0.06196709,0.006239681,0.033477601,151.9,0.0605
1493,1995.05,0.011773499,0.006239681,0.031784219,152.2,0.0601
1494,1995.06,-0.012275768,0.006239681,0.035476345,152.5,0.06
1495,1995.07,0.017714352,0.006044919,0.005131241,152.5,0.0585
1496,1995.08,0.013236686,0.006044919,0.037176644,152.9,0.0574
1497,1995.09,0.015414431,0.006044919,0.009125675,153.2,0.058
1498,1995.1,0.025148973,0.006044919,0.023583854,153.7,0.0576
1499,1995.11,0.018313047,0.006044919,0.03389138,153.6,0.058
1500,1995.12,0.00309051,0.005849741,0.001625798,153.5,0.056
1501,1996.01,-0.03434281,0.005849741,0.059043936,154.4,0.0556
1502,1996.02,-0.01024395,0.005654145,-0.002006972,154.9,0.0522
1503,1996.03,-0.017745548,0.005654145,0.001970421,155.7,0.0531
1504,1996.04,-0.00804185,0.005654145,0.023548256,156.3,0.0522
1505,1996.05,0.014211583,0.005654145,0.012785932,156.6,0.0524
1506,1996.06,0.000540314,0.005654145,-0.034765644,156.7,0.0527
1507,1996.07,-0.005738008,0.005654145,0.030757526,157,0.054
1508,1996.08,0.022891542,0.005654145,0.020237269,157.3,0.0522
1509,1996.09,0.03096912,0.005654145,0.041194978,157.8,0.053
1510,1996.1,0.028098346,0.005654145,0.050520818,158.3,0.0524
1511,1996.11,-0.021838858,0.005654145,0.011982275,158.6,0.0531
1512,1996.12,-0.001929606,0.005654145,0.032575401,158.6,0.0529
1513,1997.01,0.003206759,0.005654145,0.043611637,159.1,0.0525
1514,1997.02,-0.020135889,0.005654145,-0.006236854,159.6,0.0519
1515,1997.03,0.019996814,0.005849741,-0.034052464,160,0.0539
1516,1997.04,0.009109146,0.005849741,0.092178308,160.2,0.0551
1517,1997.05,0.017041247,0.005849741,0.053368254,160.1,0.055
1518,1997.06,0.041551457,0.005849741,0.057359246,160.3,0.0556
1519,1997.07,-0.018341428,0.005849741,0.003477892,160.5,0.0552
1520,1997.08,0.021392935,0.005849741,0.01192008,160.8,0.0554
1521,1997.09,0.025892748,0.005849741,0.016453758,161.2,0.0554
1522,1997.1,0.003320115,0.005849741,-0.011520433,161.6,0.055
1523,1997.11,0.013052436,0.005849741,0.026346165,161.5,0.0552
1524,1997.12,0.021358851,0.005849741,0.002370883,161.3,0.055
1525,1998.01,-0.00221612,0.005849741,0.064021584,161.6,0.0556
1526,1998.02,0.000875748,0.005849741,0.053128724,161.9,0.0551
1527,1998.03,0.003919745,0.005849741,0.034057527,162.2,0.0549
1528,1998.04,0.013733079,0.005849741,-0.002218576,162.5,0.0545
1529,1998.05,0.013685883,0.005849741,0.001164571,162.8,0.0549
1530,1998.06,-5.72E-05,0.005849741,0.044676663,163,0.0556
1531,1998.07,0.03930339,0.005849741,-0.069710072,163.2,0.0554
1532,1998.08,0.052674326,0.005849741,-0.048984501,163.4,0.0555
1533,1998.09,-0.012088455,0.005654145,0.012909384,163.6,0.0551
1534,1998.1,-0.004010476,0.00545813,0.109743842,164,0.0507
1535,1998.11,0.010997855,0.005261694,0.04104105,164,0.0483
1536,1998.12,0.003050992,0.005261694,0.050476871,163.9,0.0468
1537,1999.01,-0.044290608,0.005261694,-0.000667101,164.3,0.0463
1538,1999.02,0.00742257,0.005261694,0.029235098,164.5,0.0476
1539,1999.03,-0.004049688,0.005261694,0.042500221,165,0.0481
1540,1999.04,-0.016632043,0.005261694,-0.000993312,166.2,0.0474
1541,1999.05,-0.008034595,0.005261694,-0.006127681,166.2,0.0474
1542,1999.06,-0.003379414,0.005261694,0.045208751,166.2,0.0476
1543,1999.07,0.000432998,0.00545813,-0.037757132,166.7,0.0499
1544,1999.08,0.010864933,0.005654145,-0.005992721,167.1,0.0507
1545,1999.09,-0.004007544,0.005654145,-0.012736091,167.9,0.0522
1546,1999.1,-0.006778646,0.005654145,0.071047317,168.2,0.052
1547,1999.11,-0.014473259,0.005849741,0.028075326,168.3,0.0542
1548,1999.12,-0.011183752,0.005849741,-0.001201575,168.3,0.053
1549,2000.01,0.024350465,0.005849741,-0.024788957,168.8,0.0545
1550,2000.02,0.034077679,0.006044919,0.039405336,169.8,0.0573
1551,2000.03,-0.00967043,0.006239681,0.014246654,171.2,0.0585
1552,2000.04,0.000747492,0.006239681,-0.02838794,171.3,0.0602
1553,2000.05,0.02437279,0.006627967,0.031634802,171.5,0.0627
1554,2000.06,0.004224951,0.006627967,0.008503425,172.4,0.0653
1555,2000.07,0.028179727,0.006627967,0.009396922,172.8,0.0654
1556,2000.08,-0.000504742,0.006627967,-0.01079688,172.8,0.065
1557,2000.09,0.007017784,0.006627967,-0.052142865,173.7,0.0652
1558,2000.1,0.026715342,0.006627967,-0.00772604,174,0.0651
1559,2000.11,0.032241761,0.006627967,-0.033200939,174.1,0.0651
1560,2000.12,-0.001151736,0.006627967,0.004550077,174,0.064
1561,2001.01,0.025269441,0.006239681,-0.021362578,175.1,0.0598
1562,2001.02,0.00328154,0.005849741,-0.09079903,175.8,0.0549
1563,2001.03,-0.027935066,0.00545813,0.004486936,176.2,0.0531
1564,2001.04,-0.001663571,0.005064835,0.06879333,176.9,0.048
1565,2001.05,0.005234125,0.004669839,-0.023886523,177.7,0.0421
1566,2001.06,0.031485795,0.004471699,-0.026602272,178,0.0397
1567,2001.07,0.021340723,0.004471699,-0.020458393,177.5,0.0377
1568,2001.08,0.023732222,0.004273128,-0.112473248,177.5,0.0365
1569,2001.09,0.027813296,0.003874685,0.031840315,178.3,0.0307
1570,2001.1,-0.034010582,0.003474495,0.050531462,177.7,0.0249
1571,2001.11,-0.018442877,0.003072542,0.014660494,177.4,0.0209
1572,2001.12,0.004181053,0.002870899,-0.002976892,176.7,0.0182
1573,2002.01,0.018979878,0.002870899,-0.033527693,177.1,0.0173
1574,2002.02,-0.036985517,0.002870899,0.049452707,177.8,0.0174
1575,2002.03,0.028353122,0.002870899,-0.035144321,178.8,0.0173
1576,2002.04,0.006528536,0.002870899,-0.028203964,179.8,0.0175
1577,2002.05,0.02134082,0.002870899,-0.0592101,179.8,0.0175
1578,2002.06,0.031750636,0.002870899,-0.107585814,179.9,0.0175
1579,2002.07,0.033570191,0.002870899,0.011386986,180.1,0.0173
1580,2002.08,0.045580064,0.002870899,-0.047578215,180.7,0.0174
1581,2002.09,-0.021441638,0.002870899,-0.013671387,181,0.0175
1582,2002.1,-0.020055451,0.002870899,0.066255118,181.3,0.0175
1583,2002.11,0.035416687,0.00246627,-0.010350918,181.3,0.0134
1584,2002.12,-0.010638776,0.00246627,-0.002225176,180.9,0.0124
1585,2003.01,0.027186527,0.00246627,-0.06414836,181.7,0.0124
1586,2003.02,-0.006756643,0.00246627,0.013078982,183.1,0.0126
1587,2003.03,-0.001731721,0.00246627,0.052858588,184.2,0.0125
1588,2003.04,0.046745966,0.00246627,0.053122117,183.8,0.0126
1589,2003.05,-0.011325354,0.00246627,0.057041849,183.5,0.0126
1590,2003.06,-0.072437944,0.00226328,0.005959008,183.7,0.0122
1591,2003.07,0.00688655,0.00226328,-0.001663241,183.9,0.0101
1592,2003.08,0.043542916,0.00226328,0.031611809,184.6,0.0103
1593,2003.09,-0.02630423,0.00226328,0.02027829,185.2,0.0101
1594,2003.1,0.002777194,0.00226328,0.012105862,185,0.0101
1595,2003.11,0.009196149,0.00226328,0.030638103,184.5,0.01
1596,2003.12,0.012391914,0.00226328,0.049349614,184.3,0.0098
1597,2004.01,0.017248976,0.00226328,0.010866622,185.2,0.01
1598,2004.02,0.013925827,0.00226328,-0.015651967,186.2,0.0101
1599,2004.03,-0.049861783,0.00226328,0.00968137,187.4,0.01
1600,2004.04,-0.006491037,0.00226328,-0.025642534,188,0.01
1601,2004.05,0.007000092,0.00226328,0.028576769,189.1,0.01
1602,2004.06,0.013329133,0.00246627,-0.022387796,189.7,0.0103
1603,2004.07,0.033576261,0.00246627,-0.013875701,189.4,0.0126
1604,2004.08,0.002605761,0.002668809,0.027826245,189.5,0.0143
1605,2004.09,0.010711862,0.002870899,0.001025953,189.9,0.0161
1606,2004.1,-0.021398862,0.002870899,0.047738961,190.9,0.0176
1607,2004.11,0.013234678,0.003072542,0.027274473,191,0.0193
1608,2004.12,0.011569149,0.00327374,-0.013492216,190.3,0.0216
1609,2005.01,-0.014140906,0.00327374,0.016812067,190.7,0.0228
1610,2005.02,-0.007500796,0.003474495,-0.002555881,191.8,0.025
1611,2005.03,0.027030663,0.003674809,-0.024089185,193.3,0.0263
1612,2005.04,0.020531654,0.003674809,0.013358706,194.6,0.0279
1613,2005.05,0.008192386,0.003874685,0.021806975,194.4,0.03
1614,2005.06,-0.023987196,0.004074124,0.018077909,194.5,0.0304
1615,2005.07,0.024629201,0.004074124,0.003100409,195.4,0.0326
1616,2005.08,-0.022245981,0.004273128,0.002797359,196.4,0.035
1617,2005.09,-0.014593523,0.004471699,-0.026241517,198.8,0.0362
1618,2005.1,0.010119357,0.004471699,0.039615889,199.2,0.0378
1619,2005.11,0.011678337,0.004669839,0.021441534,197.6,0.04
1620,2005.12,-0.007460484,0.004867551,0.014667702,196.8,0.0416
1621,2006.01,0.002157667,0.005064835,-0.000166181,198.3,0.0429
1622,2006.02,-0.020411683,0.005064835,0.014861813,198.7,0.0449
1623,2006.03,-0.012201793,0.005261694,0.007983959,199.8,0.0459
1624,2006.04,0.000330201,0.005261694,-0.00786593,201.5,0.0479
1625,2006.05,0.00191458,0.00545813,-0.027057714,202.5,0.0494
1626,2006.06,0.016644327,0.005654145,0.007200406,202.9,0.0499
1627,2006.07,0.023716613,0.005654145,0.022917592,203.5,0.0524
1628,2006.08,0.011788943,0.005654145,0.025311735,203.9,0.0525
1629,2006.09,0.006196376,0.005654145,0.036159131,202.9,0.0525
1630,2006.1,0.01572245,0.005654145,0.02001643,201.8,0.0525
1631,2006.11,-0.015945797,0.005654145,0.02148265,201.5,0.0525
1632,2006.12,-0.005481528,0.005654145,0.006928265,201.8,0.0524
1633,2007.01,0.0253347,0.005654145,0.01596048,202.416,0.0525
1634,2007.02,-0.003321884,0.005654145,-0.02473891,203.499,0.0526
1635,2007.03,0.005414206,0.005654145,0.041802599,205.352,0.0526
1636,2007.04,-0.017188321,0.005654145,0.033917531,206.686,0.0525
1637,2007.05,-0.006012184,0.005654145,0.003449015,207.949,0.0525
1638,2007.06,0.02371237,0.005654145,0.005746197,208.352,0.0525
1639,2007.07,0.022939625,0.005654145,-0.042011261,208.299,0.0526
1640,2007.08,-0.000199963,0.005654145,0.030747053,207.917,0.0502
1641,2007.09,0.012519897,0.005261694,0.029915772,208.49,0.0494
1642,2007.1,0.045174889,0.005064835,-0.048063461,208.936,0.0476
1643,2007.11,-0.002392366,0.005064835,0.012382019,210.177,0.0449
1644,2007.12,0.033865908,0.004867551,-0.066351974,210.036,0.0424
1645,2008.01,0.014664337,0.003874685,-0.015639657,211.08,0.0394
1646,2008.02,0.009591248,0.003874685,-0.026266358,211.693,0.0298
1647,2008.03,-0.023420171,0.00327374,0.042438026,213.528,0.0261
1648,2008.04,-0.020365332,0.003072542,0.025626042,214.823,0.0228
1649,2008.05,0.009042339,0.003072542,-0.042465821,216.632,0.0198
1650,2008.06,0.003297693,0.003072542,-0.060784716,218.815,0.02
1651,2008.07,0.013103567,0.003072542,0.021105349,219.964,0.0201
1652,2008.08,0.004835181,0.003072542,-0.048475362,219.086,0.02
1653,2008.09,-0.009804081,0.003072542,-0.201935851,218.783,0.0181
1654,2008.1,0.095683986,0.00226328,-0.08605348,216.573,0.0097
1655,2008.11,0.062568872,0.00226328,-0.003512173,212.425,0.0039
1656,2008.12,-0.051315239,0.001651581,-0.010955566,208.277,0.0016
1657,2009.01,-0.010394989,0.001651581,-0.067025386,210.228,0.0015
1658,2009.02,0.029302001,0.001651581,-0.056875054,211.143,0.0022
1659,2009.03,-0.035810612,0.001651581,0.123216401,212.193,0.0018
1660,2009.04,-0.023208675,0.001651581,0.066651929,212.709,0.0015
1661,2009.05,-0.00045483,0.001651581,0.028790498,213.24,0.0018
1662,2009.06,-0.00045483,0.001651581,-0.027133813,213.993,0.0021
1663,2009.07,0,0,0,213.993,0.0016
1664,2009.08,0,0,0,213.993,0.0016
1665,2009.09,0,0,0,213.993,0.0015
1666,2009.1,0,0,0,213.993,0.0012
1667,2009.11,0,0,0,213.993,0.0012
1668,2009.12,0,0,0,213.993,0.0012
,,,,,213.993,